inventory_id,product_id,color,size,stock_quantity,stock_status,last_updated
EF1R8018KI13SOL_1_1,EF1R8018KI13SOL,BLUE,34,100,In Stock,2025-01-18T15:01:38.410Z
EF1R8018KI13SOL_1_2,EF1R8018KI13SOL,BLUE,36,100,In Stock,2025-01-18T15:01:38.410Z
EF1R8018KI13SOL_1_3,EF1R8018KI13SOL,BLUE,38,100,In Stock,2025-01-18T15:01:38.410Z
EF1R8018KI13SOL_1_4,EF1R8018KI13SOL,BLUE,40,100,In Stock,2025-01-18T15:01:38.410Z
EF1R8018KI13SOL_1_5,EF1R8018KI13SOL,BLUE,42,100,In Stock,2025-01-18T15:01:38.410Z
EF1SK716XC670FA_1_1,EF1SK716XC670FA,WHITE,34,100,In Stock,2025-01-18T15:01:38.410Z
EF1SK716XC670FA_1_2,EF1SK716XC670FA,WHITE,36,100,In Stock,2025-01-18T15:01:38.410Z
EF1SK716XC670FA_1_3,EF1SK716XC670FA,WHITE,38,100,In Stock,2025-01-18T15:01:38.410Z
EF1SK716XC670FA_1_4,EF1SK716XC670FA,WHITE,40,100,In Stock,2025-01-18T15:01:38.410Z
EF1SK716XC670FA_1_5,EF1SK716XC670FA,WHITE,42,100,In Stock,2025-01-18T15:01:38.410Z
EF1UE100VH64EAB_1_1,EF1UE100VH64EAB,WHITE,34,100,In Stock,2025-01-18T15:01:38.410Z
EF1UE100VH64EAB_1_2,EF1UE100VH64EAB,WHITE,36,100,In Stock,2025-01-18T15:01:38.410Z
EF1UE100VH64EAB_1_3,EF1UE100VH64EAB,WHITE,38,100,In Stock,2025-01-18T15:01:38.410Z
EF1UE100VH64EAB_1_4,EF1UE100VH64EAB,WHITE,40,100,In Stock,2025-01-18T15:01:38.410Z
BF1EF005BB02OLA_1_1,BF1EF005BB02OLA,WHITE,XS,100,In Stock,2025-01-18T15:01:38.410Z
BF1EF005BB02OLA_2_1,BF1EF005BB02OLA,MULTICOLOR,XS,100,In Stock,2025-01-18T15:01:38.410Z
BF1EF005BB02OLA_3_1,BF1EF005BB02OLA,BLACK,XS,100,In Stock,2025-01-18T15:01:38.410Z
BF1EF005BB02OLA_4_1,BF1EF005BB02OLA,PINK,XS,100,In Stock,2025-01-18T15:01:38.410Z
BF1EF005BB02OLA_5_1,BF1EF005BB02OLA,RED,XS,100,In Stock,2025-01-18T15:01:38.410Z
BF1EF005BB02OLA_1_2,BF1EF005BB02OLA,WHITE,S,100,In Stock,2025-01-18T15:01:38.410Z
BF1EF005BB02OLA_2_2,BF1EF005BB02OLA,MULTICOLOR,S,100,In Stock,2025-01-18T15:01:38.410Z
BF1EF005BB02OLA_3_2,BF1EF005BB02OLA,BLACK,S,100,In Stock,2025-01-18T15:01:38.410Z
BF1EF005BB02OLA_4_2,BF1EF005BB02OLA,PINK,S,100,In Stock,2025-01-18T15:01:38.410Z
BF1EF005BB02OLA_5_2,BF1EF005BB02OLA,RED,S,100,In Stock,2025-01-18T15:01:38.410Z
BF1EF005BB02OLA_1_3,BF1EF005BB02OLA,WHITE,M,100,In Stock,2025-01-18T15:01:38.410Z
BF1EF005BB02OLA_2_3,BF1EF005BB02OLA,MULTICOLOR,M,100,In Stock,2025-01-18T15:01:38.410Z
BF1EF005BB02OLA_3_3,BF1EF005BB02OLA,BLACK,M,100,In Stock,2025-01-18T15:01:38.410Z
BF1EF005BB02OLA_4_3,BF1EF005BB02OLA,PINK,M,100,In Stock,2025-01-18T15:01:38.410Z
BF1EF005BB02OLA_5_3,BF1EF005BB02OLA,RED,M,100,In Stock,2025-01-18T15:01:38.410Z
BF1EF005BB02OLA_1_4,BF1EF005BB02OLA,WHITE,L,100,In Stock,2025-01-18T15:01:38.410Z
BF1EF005BB02OLA_2_4,BF1EF005BB02OLA,MULTICOLOR,L,100,In Stock,2025-01-18T15:01:38.410Z
BF1EF005BB02OLA_3_4,BF1EF005BB02OLA,BLACK,L,100,In Stock,2025-01-18T15:01:38.410Z
BF1EF005BB02OLA_4_4,BF1EF005BB02OLA,PINK,L,100,In Stock,2025-01-18T15:01:38.410Z
BF1EF005BB02OLA_5_4,BF1EF005BB02OLA,RED,L,100,In Stock,2025-01-18T15:01:38.410Z
BF1EF005BB02OLA_1_5,BF1EF005BB02OLA,WHITE,XL,100,In Stock,2025-01-18T15:01:38.410Z
BF1EF005BB02OLA_2_5,BF1EF005BB02OLA,MULTICOLOR,XL,100,In Stock,2025-01-18T15:01:38.410Z
BF1EF005BB02OLA_3_5,BF1EF005BB02OLA,BLACK,XL,100,In Stock,2025-01-18T15:01:38.410Z
BF1EF005BB02OLA_4_5,BF1EF005BB02OLA,PINK,XL,100,In Stock,2025-01-18T15:01:38.410Z
BF1EF005BB02OLA_5_5,BF1EF005BB02OLA,RED,XL,100,In Stock,2025-01-18T15:01:38.410Z
BF1EF005BB02OLA_1_6,BF1EF005BB02OLA,WHITE,2XL,100,In Stock,2025-01-18T15:01:38.410Z
BF1EF005BB02OLA_2_6,BF1EF005BB02OLA,MULTICOLOR,2XL,100,In Stock,2025-01-18T15:01:38.410Z
BF1EF005BB02OLA_3_6,BF1EF005BB02OLA,BLACK,2XL,100,In Stock,2025-01-18T15:01:38.410Z
BF1EF005BB02OLA_4_6,BF1EF005BB02OLA,PINK,2XL,100,In Stock,2025-01-18T15:01:38.410Z
BF1EF005BB02OLA_5_6,BF1EF005BB02OLA,RED,2XL,100,In Stock,2025-01-18T15:01:38.410Z
BF1EF005BB02GAB_1_1,BF1EF005BB02GAB,WHITE,XS,100,In Stock,2025-01-18T15:01:38.410Z
BF1EF005BB02GAB_2_1,BF1EF005BB02GAB,MULTICOLOR,XS,100,In Stock,2025-01-18T15:01:38.410Z
BF1EF005BB02GAB_3_1,BF1EF005BB02GAB,BLACK,XS,100,In Stock,2025-01-18T15:01:38.410Z
BF1EF005BB02GAB_4_1,BF1EF005BB02GAB,PINK,XS,100,In Stock,2025-01-18T15:01:38.410Z
BF1EF005BB02GAB_5_1,BF1EF005BB02GAB,RED,XS,100,In Stock,2025-01-18T15:01:38.410Z
BF1EF005BB02GAB_1_2,BF1EF005BB02GAB,WHITE,S,100,In Stock,2025-01-18T15:01:38.410Z
BF1EF005BB02GAB_2_2,BF1EF005BB02GAB,MULTICOLOR,S,100,In Stock,2025-01-18T15:01:38.410Z
BF1EF005BB02GAB_3_2,BF1EF005BB02GAB,BLACK,S,100,In Stock,2025-01-18T15:01:38.410Z
BF1EF005BB02GAB_4_2,BF1EF005BB02GAB,PINK,S,100,In Stock,2025-01-18T15:01:38.410Z
BF1EF005BB02GAB_5_2,BF1EF005BB02GAB,RED,S,100,In Stock,2025-01-18T15:01:38.410Z
BF1EF005BB02GAB_1_3,BF1EF005BB02GAB,WHITE,M,100,In Stock,2025-01-18T15:01:38.410Z
BF1EF005BB02GAB_2_3,BF1EF005BB02GAB,MULTICOLOR,M,100,In Stock,2025-01-18T15:01:38.410Z
BF1EF005BB02GAB_3_3,BF1EF005BB02GAB,BLACK,M,100,In Stock,2025-01-18T15:01:38.410Z
BF1EF005BB02GAB_4_3,BF1EF005BB02GAB,PINK,M,100,In Stock,2025-01-18T15:01:38.410Z
BF1EF005BB02GAB_5_3,BF1EF005BB02GAB,RED,M,100,In Stock,2025-01-18T15:01:38.410Z
BF1EF005BB02GAB_1_4,BF1EF005BB02GAB,WHITE,L,100,In Stock,2025-01-18T15:01:38.410Z
BF1EF005BB02GAB_2_4,BF1EF005BB02GAB,MULTICOLOR,L,100,In Stock,2025-01-18T15:01:38.410Z
BF1EF005BB02GAB_3_4,BF1EF005BB02GAB,BLACK,L,100,In Stock,2025-01-18T15:01:38.410Z
BF1EF005BB02GAB_4_4,BF1EF005BB02GAB,PINK,L,100,In Stock,2025-01-18T15:01:38.410Z
BF1EF005BB02GAB_5_4,BF1EF005BB02GAB,RED,L,100,In Stock,2025-01-18T15:01:38.410Z
BF1EF005BB02GAB_1_5,BF1EF005BB02GAB,WHITE,XL,100,In Stock,2025-01-18T15:01:38.410Z
BF1EF005BB02GAB_2_5,BF1EF005BB02GAB,MULTICOLOR,XL,100,In Stock,2025-01-18T15:01:38.410Z
BF1EF005BB02GAB_3_5,BF1EF005BB02GAB,BLACK,XL,100,In Stock,2025-01-18T15:01:38.410Z
BF1EF005BB02GAB_4_5,BF1EF005BB02GAB,PINK,XL,100,In Stock,2025-01-18T15:01:38.410Z
BF1EF005BB02GAB_5_5,BF1EF005BB02GAB,RED,XL,100,In Stock,2025-01-18T15:01:38.410Z
BF1EF005BB02GAB_1_6,BF1EF005BB02GAB,WHITE,2XL,100,In Stock,2025-01-18T15:01:38.410Z
BF1EF005BB02GAB_2_6,BF1EF005BB02GAB,MULTICOLOR,2XL,100,In Stock,2025-01-18T15:01:38.410Z
BF1EF005BB02GAB_3_6,BF1EF005BB02GAB,BLACK,2XL,100,In Stock,2025-01-18T15:01:38.410Z
BF1EF005BB02GAB_4_6,BF1EF005BB02GAB,PINK,2XL,100,In Stock,2025-01-18T15:01:38.410Z
BF1EF005BB02GAB_5_6,BF1EF005BB02GAB,RED,2XL,100,In Stock,2025-01-18T15:01:38.410Z
BF1EF005BB02EAB_1_1,BF1EF005BB02EAB,WHITE,XS,100,In Stock,2025-01-18T15:01:38.410Z
BF1EF005BB02EAB_2_1,BF1EF005BB02EAB,MULTICOLOR,XS,100,In Stock,2025-01-18T15:01:38.410Z
BF1EF005BB02EAB_3_1,BF1EF005BB02EAB,BLACK,XS,100,In Stock,2025-01-18T15:01:38.410Z
BF1EF005BB02EAB_4_1,BF1EF005BB02EAB,PINK,XS,100,In Stock,2025-01-18T15:01:38.410Z
BF1EF005BB02EAB_5_1,BF1EF005BB02EAB,RED,XS,100,In Stock,2025-01-18T15:01:38.410Z
BF1EF005BB02EAB_1_2,BF1EF005BB02EAB,WHITE,S,100,In Stock,2025-01-18T15:01:38.410Z
BF1EF005BB02EAB_2_2,BF1EF005BB02EAB,MULTICOLOR,S,100,In Stock,2025-01-18T15:01:38.410Z
BF1EF005BB02EAB_3_2,BF1EF005BB02EAB,BLACK,S,100,In Stock,2025-01-18T15:01:38.410Z
BF1EF005BB02EAB_4_2,BF1EF005BB02EAB,PINK,S,100,In Stock,2025-01-18T15:01:38.410Z
BF1EF005BB02EAB_5_2,BF1EF005BB02EAB,RED,S,100,In Stock,2025-01-18T15:01:38.410Z
BF1EF005BB02EAB_1_3,BF1EF005BB02EAB,WHITE,M,100,In Stock,2025-01-18T15:01:38.410Z
BF1EF005BB02EAB_2_3,BF1EF005BB02EAB,MULTICOLOR,M,100,In Stock,2025-01-18T15:01:38.410Z
BF1EF005BB02EAB_3_3,BF1EF005BB02EAB,BLACK,M,100,In Stock,2025-01-18T15:01:38.410Z
BF1EF005BB02EAB_4_3,BF1EF005BB02EAB,PINK,M,100,In Stock,2025-01-18T15:01:38.410Z
BF1EF005BB02EAB_5_3,BF1EF005BB02EAB,RED,M,100,In Stock,2025-01-18T15:01:38.410Z
BF1EF005BB02EAB_1_4,BF1EF005BB02EAB,WHITE,L,100,In Stock,2025-01-18T15:01:38.410Z
BF1EF005BB02EAB_2_4,BF1EF005BB02EAB,MULTICOLOR,L,100,In Stock,2025-01-18T15:01:38.410Z
BF1EF005BB02EAB_3_4,BF1EF005BB02EAB,BLACK,L,100,In Stock,2025-01-18T15:01:38.410Z
BF1EF005BB02EAB_4_4,BF1EF005BB02EAB,PINK,L,100,In Stock,2025-01-18T15:01:38.410Z
BF1EF005BB02EAB_5_4,BF1EF005BB02EAB,RED,L,100,In Stock,2025-01-18T15:01:38.410Z
BF1EF005BB02EAB_1_5,BF1EF005BB02EAB,WHITE,XL,100,In Stock,2025-01-18T15:01:38.410Z
BF1EF005BB02EAB_2_5,BF1EF005BB02EAB,MULTICOLOR,XL,100,In Stock,2025-01-18T15:01:38.410Z
BF1EF005BB02EAB_3_5,BF1EF005BB02EAB,BLACK,XL,100,In Stock,2025-01-18T15:01:38.410Z
BF1EF005BB02EAB_4_5,BF1EF005BB02EAB,PINK,XL,100,In Stock,2025-01-18T15:01:38.410Z
BF1EF005BB02EAB_5_5,BF1EF005BB02EAB,RED,XL,100,In Stock,2025-01-18T15:01:38.410Z
BF1EF005BB02EAB_1_6,BF1EF005BB02EAB,WHITE,2XL,100,In Stock,2025-01-18T15:01:38.410Z
BF1EF005BB02EAB_2_6,BF1EF005BB02EAB,MULTICOLOR,2XL,100,In Stock,2025-01-18T15:01:38.410Z
BF1EF005BB02EAB_3_6,BF1EF005BB02EAB,BLACK,2XL,100,In Stock,2025-01-18T15:01:38.410Z
BF1EF005BB02EAB_4_6,BF1EF005BB02EAB,PINK,2XL,100,In Stock,2025-01-18T15:01:38.410Z
BF1EF005BB02EAB_5_6,BF1EF005BB02EAB,RED,2XL,100,In Stock,2025-01-18T15:01:38.410Z
BF1EF005BB02OIR_1_1,BF1EF005BB02OIR,WHITE,XS,100,In Stock,2025-01-18T15:01:38.410Z
BF1EF005BB02OIR_2_1,BF1EF005BB02OIR,MULTICOLOR,XS,100,In Stock,2025-01-18T15:01:38.410Z
BF1EF005BB02OIR_3_1,BF1EF005BB02OIR,BLACK,XS,100,In Stock,2025-01-18T15:01:38.410Z
BF1EF005BB02OIR_4_1,BF1EF005BB02OIR,PINK,XS,100,In Stock,2025-01-18T15:01:38.410Z
BF1EF005BB02OIR_5_1,BF1EF005BB02OIR,RED,XS,100,In Stock,2025-01-18T15:01:38.410Z
BF1EF005BB02OIR_1_2,BF1EF005BB02OIR,WHITE,S,100,In Stock,2025-01-18T15:01:38.410Z
BF1EF005BB02OIR_2_2,BF1EF005BB02OIR,MULTICOLOR,S,100,In Stock,2025-01-18T15:01:38.410Z
BF1EF005BB02OIR_3_2,BF1EF005BB02OIR,BLACK,S,100,In Stock,2025-01-18T15:01:38.410Z
BF1EF005BB02OIR_4_2,BF1EF005BB02OIR,PINK,S,100,In Stock,2025-01-18T15:01:38.410Z
BF1EF005BB02OIR_5_2,BF1EF005BB02OIR,RED,S,100,In Stock,2025-01-18T15:01:38.410Z
BF1EF005BB02OIR_1_3,BF1EF005BB02OIR,WHITE,M,100,In Stock,2025-01-18T15:01:38.410Z
BF1EF005BB02OIR_2_3,BF1EF005BB02OIR,MULTICOLOR,M,100,In Stock,2025-01-18T15:01:38.410Z
BF1EF005BB02OIR_3_3,BF1EF005BB02OIR,BLACK,M,100,In Stock,2025-01-18T15:01:38.410Z
BF1EF005BB02OIR_4_3,BF1EF005BB02OIR,PINK,M,100,In Stock,2025-01-18T15:01:38.410Z
BF1EF005BB02OIR_5_3,BF1EF005BB02OIR,RED,M,100,In Stock,2025-01-18T15:01:38.410Z
BF1EF005BB02OIR_1_4,BF1EF005BB02OIR,WHITE,L,100,In Stock,2025-01-18T15:01:38.410Z
BF1EF005BB02OIR_2_4,BF1EF005BB02OIR,MULTICOLOR,L,100,In Stock,2025-01-18T15:01:38.410Z
BF1EF005BB02OIR_3_4,BF1EF005BB02OIR,BLACK,L,100,In Stock,2025-01-18T15:01:38.410Z
BF1EF005BB02OIR_4_4,BF1EF005BB02OIR,PINK,L,100,In Stock,2025-01-18T15:01:38.410Z
BF1EF005BB02OIR_5_4,BF1EF005BB02OIR,RED,L,100,In Stock,2025-01-18T15:01:38.410Z
BF1EF005BB02OIR_1_5,BF1EF005BB02OIR,WHITE,XL,100,In Stock,2025-01-18T15:01:38.410Z
BF1EF005BB02OIR_2_5,BF1EF005BB02OIR,MULTICOLOR,XL,100,In Stock,2025-01-18T15:01:38.410Z
BF1EF005BB02OIR_3_5,BF1EF005BB02OIR,BLACK,XL,100,In Stock,2025-01-18T15:01:38.410Z
BF1EF005BB02OIR_4_5,BF1EF005BB02OIR,PINK,XL,100,In Stock,2025-01-18T15:01:38.410Z
BF1EF005BB02OIR_5_5,BF1EF005BB02OIR,RED,XL,100,In Stock,2025-01-18T15:01:38.410Z
BF1EF005BB02OIR_1_6,BF1EF005BB02OIR,WHITE,2XL,100,In Stock,2025-01-18T15:01:38.410Z
BF1EF005BB02OIR_2_6,BF1EF005BB02OIR,MULTICOLOR,2XL,100,In Stock,2025-01-18T15:01:38.410Z
BF1EF005BB02OIR_3_6,BF1EF005BB02OIR,BLACK,2XL,100,In Stock,2025-01-18T15:01:38.410Z
BF1EF005BB02OIR_4_6,BF1EF005BB02OIR,PINK,2XL,100,In Stock,2025-01-18T15:01:38.410Z
BF1EF005BB02OIR_5_6,BF1EF005BB02OIR,RED,2XL,100,In Stock,2025-01-18T15:01:38.410Z
BF1EF005BB02MCZ_1_1,BF1EF005BB02MCZ,WHITE,XS,100,In Stock,2025-01-18T15:01:38.410Z
BF1EF005BB02MCZ_2_1,BF1EF005BB02MCZ,MULTICOLOR,XS,100,In Stock,2025-01-18T15:01:38.410Z
BF1EF005BB02MCZ_3_1,BF1EF005BB02MCZ,BLACK,XS,100,In Stock,2025-01-18T15:01:38.410Z
BF1EF005BB02MCZ_4_1,BF1EF005BB02MCZ,PINK,XS,100,In Stock,2025-01-18T15:01:38.410Z
BF1EF005BB02MCZ_5_1,BF1EF005BB02MCZ,RED,XS,100,In Stock,2025-01-18T15:01:38.410Z
BF1EF005BB02MCZ_1_2,BF1EF005BB02MCZ,WHITE,S,100,In Stock,2025-01-18T15:01:38.410Z
BF1EF005BB02MCZ_2_2,BF1EF005BB02MCZ,MULTICOLOR,S,100,In Stock,2025-01-18T15:01:38.410Z
BF1EF005BB02MCZ_3_2,BF1EF005BB02MCZ,BLACK,S,100,In Stock,2025-01-18T15:01:38.410Z
BF1EF005BB02MCZ_4_2,BF1EF005BB02MCZ,PINK,S,100,In Stock,2025-01-18T15:01:38.410Z
BF1EF005BB02MCZ_5_2,BF1EF005BB02MCZ,RED,S,100,In Stock,2025-01-18T15:01:38.410Z
BF1EF005BB02MCZ_1_3,BF1EF005BB02MCZ,WHITE,M,100,In Stock,2025-01-18T15:01:38.410Z
BF1EF005BB02MCZ_2_3,BF1EF005BB02MCZ,MULTICOLOR,M,100,In Stock,2025-01-18T15:01:38.410Z
BF1EF005BB02MCZ_3_3,BF1EF005BB02MCZ,BLACK,M,100,In Stock,2025-01-18T15:01:38.410Z
BF1EF005BB02MCZ_4_3,BF1EF005BB02MCZ,PINK,M,100,In Stock,2025-01-18T15:01:38.410Z
BF1EF005BB02MCZ_5_3,BF1EF005BB02MCZ,RED,M,100,In Stock,2025-01-18T15:01:38.410Z
BF1EF005BB02MCZ_1_4,BF1EF005BB02MCZ,WHITE,L,100,In Stock,2025-01-18T15:01:38.410Z
BF1EF005BB02MCZ_2_4,BF1EF005BB02MCZ,MULTICOLOR,L,100,In Stock,2025-01-18T15:01:38.410Z
BF1EF005BB02MCZ_3_4,BF1EF005BB02MCZ,BLACK,L,100,In Stock,2025-01-18T15:01:38.410Z
BF1EF005BB02MCZ_4_4,BF1EF005BB02MCZ,PINK,L,100,In Stock,2025-01-18T15:01:38.410Z
BF1EF005BB02MCZ_5_4,BF1EF005BB02MCZ,RED,L,100,In Stock,2025-01-18T15:01:38.410Z
BF1EF005BB02MCZ_1_5,BF1EF005BB02MCZ,WHITE,XL,100,In Stock,2025-01-18T15:01:38.410Z
BF1EF005BB02MCZ_2_5,BF1EF005BB02MCZ,MULTICOLOR,XL,100,In Stock,2025-01-18T15:01:38.410Z
BF1EF005BB02MCZ_3_5,BF1EF005BB02MCZ,BLACK,XL,100,In Stock,2025-01-18T15:01:38.410Z
BF1EF005BB02MCZ_4_5,BF1EF005BB02MCZ,PINK,XL,100,In Stock,2025-01-18T15:01:38.410Z
BF1EF005BB02MCZ_5_5,BF1EF005BB02MCZ,RED,XL,100,In Stock,2025-01-18T15:01:38.410Z
BF1EF005BB02MCZ_1_6,BF1EF005BB02MCZ,WHITE,2XL,100,In Stock,2025-01-18T15:01:38.410Z
BF1EF005BB02MCZ_2_6,BF1EF005BB02MCZ,MULTICOLOR,2XL,100,In Stock,2025-01-18T15:01:38.410Z
BF1EF005BB02MCZ_3_6,BF1EF005BB02MCZ,BLACK,2XL,100,In Stock,2025-01-18T15:01:38.410Z
BF1EF005BB02MCZ_4_6,BF1EF005BB02MCZ,PINK,2XL,100,In Stock,2025-01-18T15:01:38.410Z
BF1EF005BB02MCZ_5_6,BF1EF005BB02MCZ,RED,2XL,100,In Stock,2025-01-18T15:01:38.410Z
EF1KA115KH87EAB_1_1,EF1KA115KH87EAB,BLACK,34,100,In Stock,2025-01-18T15:01:38.410Z
EF1KA115KH87EAB_2_1,EF1KA115KH87EAB,RED,34,100,In Stock,2025-01-18T15:01:38.410Z
EF1KA115KH87EAB_1_2,EF1KA115KH87EAB,BLACK,36,100,In Stock,2025-01-18T15:01:38.410Z
EF1KA115KH87EAB_2_2,EF1KA115KH87EAB,RED,36,100,In Stock,2025-01-18T15:01:38.410Z
EF1KA115KH87EAB_1_3,EF1KA115KH87EAB,BLACK,38,100,In Stock,2025-01-18T15:01:38.410Z
EF1KA115KH87EAB_2_3,EF1KA115KH87EAB,RED,38,100,In Stock,2025-01-18T15:01:38.410Z
EF1KA115KH87EAB_1_4,EF1KA115KH87EAB,BLACK,40,100,In Stock,2025-01-18T15:01:38.410Z
EF1KA115KH87EAB_2_4,EF1KA115KH87EAB,RED,40,100,In Stock,2025-01-18T15:01:38.410Z
EF1KA115KH87EAB_1_5,EF1KA115KH87EAB,BLACK,42,100,In Stock,2025-01-18T15:01:38.410Z
EF1KA115KH87EAB_2_5,EF1KA115KH87EAB,RED,42,100,In Stock,2025-01-18T15:01:38.410Z
EF1KA115KH87MIG_1_1,EF1KA115KH87MIG,BLACK,34,100,In Stock,2025-01-18T15:01:38.410Z
EF1KA115KH87MIG_2_1,EF1KA115KH87MIG,RED,34,100,In Stock,2025-01-18T15:01:38.410Z
EF1KA115KH87MIG_1_2,EF1KA115KH87MIG,BLACK,36,100,In Stock,2025-01-18T15:01:38.410Z
EF1KA115KH87MIG_2_2,EF1KA115KH87MIG,RED,36,100,In Stock,2025-01-18T15:01:38.410Z
EF1KA115KH87MIG_1_3,EF1KA115KH87MIG,BLACK,38,100,In Stock,2025-01-18T15:01:38.410Z
EF1KA115KH87MIG_2_3,EF1KA115KH87MIG,RED,38,100,In Stock,2025-01-18T15:01:38.410Z
EF1KA115KH87MIG_1_4,EF1KA115KH87MIG,BLACK,40,100,In Stock,2025-01-18T15:01:38.410Z
EF1KA115KH87MIG_2_4,EF1KA115KH87MIG,RED,40,100,In Stock,2025-01-18T15:01:38.410Z
EF1KA115KH87MIG_1_5,EF1KA115KH87MIG,BLACK,42,100,In Stock,2025-01-18T15:01:38.410Z
EF1KA115KH87MIG_2_5,EF1KA115KH87MIG,RED,42,100,In Stock,2025-01-18T15:01:38.410Z
EF1HT020VH61GAB_1_1,EF1HT020VH61GAB,WHITE,34,100,In Stock,2025-01-18T15:01:38.410Z
EF1HT020VH61GAB_1_2,EF1HT020VH61GAB,WHITE,36,100,In Stock,2025-01-18T15:01:38.410Z
EF1HT020VH61GAB_1_3,EF1HT020VH61GAB,WHITE,38,100,In Stock,2025-01-18T15:01:38.410Z
EF1HT020VH61GAB_1_4,EF1HT020VH61GAB,WHITE,40,100,In Stock,2025-01-18T15:01:38.410Z
EF1HT020VH61GAB_1_5,EF1HT020VH61GAB,WHITE,42,100,In Stock,2025-01-18T15:01:38.410Z
EF1JQ002BB02SOY_1_1,EF1JQ002BB02SOY,BLUE,XS,100,In Stock,2025-01-18T15:01:38.410Z
EF1JQ002BB02SOY_1_2,EF1JQ002BB02SOY,BLUE,S,100,In Stock,2025-01-18T15:01:38.410Z
EF1JQ002BB02SOY_1_3,EF1JQ002BB02SOY,BLUE,M,100,In Stock,2025-01-18T15:01:38.410Z
EF1JQ002BB02SOY_1_4,EF1JQ002BB02SOY,BLUE,L,100,In Stock,2025-01-18T15:01:38.410Z
EF1JQ002BB02SOY_1_5,EF1JQ002BB02SOY,BLUE,XL,100,In Stock,2025-01-18T15:01:38.410Z
EF1JQ002BB02SOY_1_6,EF1JQ002BB02SOY,BLUE,2XL,100,In Stock,2025-01-18T15:01:38.410Z
EF1KL133KH93IAC_1_1,EF1KL133KH93IAC,BLACK,34,100,In Stock,2025-01-18T15:01:38.410Z
EF1KL133KH93IAC_1_2,EF1KL133KH93IAC,BLACK,36,100,In Stock,2025-01-18T15:01:38.410Z
EF1KL133KH93IAC_1_3,EF1KL133KH93IAC,BLACK,38,100,In Stock,2025-01-18T15:01:38.410Z
EF1KL133KH93IAC_1_4,EF1KL133KH93IAC,BLACK,40,100,In Stock,2025-01-18T15:01:38.410Z
EF1KL133KH93IAC_1_5,EF1KL133KH93IAC,BLACK,42,100,In Stock,2025-01-18T15:01:38.410Z
EF1LC245JJ95EDY_1_1,EF1LC245JJ95EDY,BLACK,34,100,In Stock,2025-01-18T15:01:38.410Z
EF1LC245JJ95EDY_1_2,EF1LC245JJ95EDY,BLACK,36,100,In Stock,2025-01-18T15:01:38.410Z
EF1LC245JJ95EDY_1_3,EF1LC245JJ95EDY,BLACK,38,100,In Stock,2025-01-18T15:01:38.410Z
EF1LC245JJ95EDY_1_4,EF1LC245JJ95EDY,BLACK,40,100,In Stock,2025-01-18T15:01:38.410Z
EF1PO160WC090PA_1_1,EF1PO160WC090PA,BLACK,34,100,In Stock,2025-01-18T15:01:38.410Z
EF1PO160WC090PA_1_2,EF1PO160WC090PA,BLACK,36,100,In Stock,2025-01-18T15:01:38.410Z
EF1PO160WC090PA_1_3,EF1PO160WC090PA,BLACK,38,100,In Stock,2025-01-18T15:01:38.410Z
EF1PO160WC090PA_1_4,EF1PO160WC090PA,BLACK,40,100,In Stock,2025-01-18T15:01:38.410Z
CF1MA012DB690FA_1_1,CF1MA012DB690FA,WHITE,34,100,In Stock,2025-01-18T15:01:38.410Z
CF1MA012DB690FA_1_2,CF1MA012DB690FA,WHITE,36,100,In Stock,2025-01-18T15:01:38.410Z
CF1MA012DB690FA_1_3,CF1MA012DB690FA,WHITE,38,100,In Stock,2025-01-18T15:01:38.410Z
CF1MA012DB690FA_1_4,CF1MA012DB690FA,WHITE,40,100,In Stock,2025-01-18T15:01:38.410Z
EF1KL220KH806FF_1_1,EF1KL220KH806FF,BLUE,34,100,In Stock,2025-01-18T15:01:38.410Z
EF1KL220KH806FF_1_2,EF1KL220KH806FF,BLUE,36,100,In Stock,2025-01-18T15:01:38.410Z
EF1KL220KH806FF_1_3,EF1KL220KH806FF,BLUE,38,100,In Stock,2025-01-18T15:01:38.410Z
EF1KL220KH806FF_1_4,EF1KL220KH806FF,BLUE,40,100,In Stock,2025-01-18T15:01:38.410Z
EF1KL220KH806FF_1_5,EF1KL220KH806FF,BLUE,42,100,In Stock,2025-01-18T15:01:38.410Z
BKB852200104_1_1,BKB852200104,BLACK,34,100,In Stock,2025-01-18T15:01:38.410Z
BKB852200104_1_2,BKB852200104,BLACK,36,100,In Stock,2025-01-18T15:01:38.410Z
BKB852200104_1_3,BKB852200104,BLACK,38,100,In Stock,2025-01-18T15:01:38.410Z
BKB852200104_1_4,BKB852200104,BLACK,40,100,In Stock,2025-01-18T15:01:38.410Z
BKB852200104_1_5,BKB852200104,BLACK,42,100,In Stock,2025-01-18T15:01:38.410Z
EN1DB943LHLB0PA_1_1,EN1DB943LHLB0PA,BLACK,UNI,100,In Stock,2025-01-18T15:01:38.410Z
EN1DB530LHLB0PA_1_1,EN1DB530LHLB0PA,BLACK,UNI,100,In Stock,2025-01-18T15:01:38.410Z
EN1BQ954LETF0PA_1_1,EN1BQ954LETF0PA,BLACK,UNI,100,In Stock,2025-01-18T15:01:38.410Z
EN1BQ954LETF0PA_2_1,EN1BQ954LETF0PA,BLUE,UNI,100,In Stock,2025-01-18T15:01:38.410Z
EN1BQ954TTSD6FF_1_1,EN1BQ954TTSD6FF,BLACK,UNI,100,In Stock,2025-01-18T15:01:38.410Z
EN1BQ954TTSD6FF_2_1,EN1BQ954TTSD6FF,BLUE,UNI,100,In Stock,2025-01-18T15:01:38.410Z
DN0FD871LETF0DA_1_1,DN0FD871LETF0DA,WHITE,UNI,100,In Stock,2025-01-18T15:01:38.410Z
EN1DA961TECSGAU_1_1,EN1DA961TECSGAU,WHITE,UNI,100,In Stock,2025-01-18T15:01:38.410Z
EN1LN245LVGU0PA_1_1,EN1LN245LVGU0PA,BLACK,UNI,100,In Stock,2025-01-18T15:01:38.410Z
DN1FM872TCFEGEM_1_1,DN1FM872TCFEGEM,BEIGE,UNI,100,In Stock,2025-01-18T15:01:38.410Z
EN1VI736KRCTEAB_1_1,EN1VI736KRCTEAB,WHITE,35,100,In Stock,2025-01-18T15:01:38.410Z
EN1VI736KRCTEAB_1_2,EN1VI736KRCTEAB,WHITE,36,100,In Stock,2025-01-18T15:01:38.410Z
EN1VI736KRCTEAB_1_3,EN1VI736KRCTEAB,WHITE,37,100,In Stock,2025-01-18T15:01:38.410Z
EN1VI736KRCTEAB_1_4,EN1VI736KRCTEAB,WHITE,38,100,In Stock,2025-01-18T15:01:38.410Z
EN1VI736KRCTEAB_1_5,EN1VI736KRCTEAB,WHITE,39,100,In Stock,2025-01-18T15:01:38.410Z
EN1VI736KRCTEAB_1_6,EN1VI736KRCTEAB,WHITE,40,100,In Stock,2025-01-18T15:01:38.410Z
EN1VI736KRCTEAB_1_7,EN1VI736KRCTEAB,WHITE,41,100,In Stock,2025-01-18T15:01:38.410Z
EM1VI360TRIDSEE_1_1,EM1VI360TRIDSEE,BLUE,39,100,In Stock,2025-01-18T15:01:38.410Z
EM1VI360TRIDSEE_1_2,EM1VI360TRIDSEE,BLUE,40,100,In Stock,2025-01-18T15:01:38.410Z
EM1VI360TRIDSEE_1_3,EM1VI360TRIDSEE,BLUE,41,100,In Stock,2025-01-18T15:01:38.410Z
EM1VI360TRIDSEE_1_4,EM1VI360TRIDSEE,BLUE,42,100,In Stock,2025-01-18T15:01:38.410Z
EM1VI360TRIDSEE_1_5,EM1VI360TRIDSEE,BLUE,43,100,In Stock,2025-01-18T15:01:38.410Z
EM1VI360TRIDSEE_1_6,EM1VI360TRIDSEE,BLUE,44,100,In Stock,2025-01-18T15:01:38.410Z
EM1VI360TRIDSEE_1_7,EM1VI360TRIDSEE,BLUE,45,100,In Stock,2025-01-18T15:01:38.410Z
EM1VI360TRIDSEE_1_8,EM1VI360TRIDSEE,BLUE,46,100,In Stock,2025-01-18T15:01:38.410Z
EM1VI360TRIDSEE_1_9,EM1VI360TRIDSEE,BLUE,47,100,In Stock,2025-01-18T15:01:38.410Z
EN1VI735TRIDSEE_1_1,EN1VI735TRIDSEE,BLUE,35,100,In Stock,2025-01-18T15:01:38.410Z
EN1VI735TRIDSEE_1_2,EN1VI735TRIDSEE,BLUE,36,100,In Stock,2025-01-18T15:01:38.410Z
EN1VI735TRIDSEE_1_3,EN1VI735TRIDSEE,BLUE,37,100,In Stock,2025-01-18T15:01:38.410Z
EN1VI735TRIDSEE_1_4,EN1VI735TRIDSEE,BLUE,38,100,In Stock,2025-01-18T15:01:38.410Z
EN1VI735TRIDSEE_1_5,EN1VI735TRIDSEE,BLUE,39,100,In Stock,2025-01-18T15:01:38.410Z
EN1VI735TRIDSEE_1_6,EN1VI735TRIDSEE,BLUE,40,100,In Stock,2025-01-18T15:01:38.410Z
EN1VI735TRIDSEE_1_7,EN1VI735TRIDSEE,BLUE,41,100,In Stock,2025-01-18T15:01:38.410Z
CN0VI727TDNM6KF_1_1,CN0VI727TDNM6KF,NAVY,35,100,In Stock,2025-01-18T15:01:38.410Z
CN0VI727TDNM6KF_1_2,CN0VI727TDNM6KF,NAVY,36,100,In Stock,2025-01-18T15:01:38.410Z
CN0VI727TDNM6KF_1_3,CN0VI727TDNM6KF,NAVY,37,100,In Stock,2025-01-18T15:01:38.410Z
CN0VI727TDNM6KF_1_4,CN0VI727TDNM6KF,NAVY,38,100,In Stock,2025-01-18T15:01:38.410Z
CN0VI727TDNM6KF_1_5,CN0VI727TDNM6KF,NAVY,39,100,In Stock,2025-01-18T15:01:38.410Z
CN0VI727TDNM6KF_1_6,CN0VI727TDNM6KF,NAVY,40,100,In Stock,2025-01-18T15:01:38.410Z
CN0VI727TDNM6KF_1_7,CN0VI727TDNM6KF,NAVY,41,100,In Stock,2025-01-18T15:01:38.410Z
DN1VI714TRCMEAB_1_1,DN1VI714TRCMEAB,BLACK,35,100,In Stock,2025-01-18T15:01:38.410Z
DN1VI714TRCMEAB_1_2,DN1VI714TRCMEAB,BLACK,36,100,In Stock,2025-01-18T15:01:38.410Z
DN1VI714TRCMEAB_1_3,DN1VI714TRCMEAB,BLACK,37,100,In Stock,2025-01-18T15:01:38.410Z
DN1VI714TRCMEAB_1_4,DN1VI714TRCMEAB,BLACK,38,100,In Stock,2025-01-18T15:01:38.410Z
DN1VI714TRCMEAB_1_5,DN1VI714TRCMEAB,BLACK,39,100,In Stock,2025-01-18T15:01:38.410Z
DN1VI714TRCMEAB_1_6,DN1VI714TRCMEAB,BLACK,40,100,In Stock,2025-01-18T15:01:38.410Z
DN1VI714TRCMEAB_1_7,DN1VI714TRCMEAB,BLACK,41,100,In Stock,2025-01-18T15:01:38.410Z
CN0VI730LLNP0CV_1_1,CN0VI730LLNP0CV,MULTICOLOR,35,100,In Stock,2025-01-18T15:01:38.410Z
CN0VI730LLNP0CV_1_2,CN0VI730LLNP0CV,MULTICOLOR,36,100,In Stock,2025-01-18T15:01:38.410Z
CN0VI730LLNP0CV_1_3,CN0VI730LLNP0CV,MULTICOLOR,37,100,In Stock,2025-01-18T15:01:38.410Z
CN0VI730LLNP0CV_1_4,CN0VI730LLNP0CV,MULTICOLOR,38,100,In Stock,2025-01-18T15:01:38.410Z
CN0VI730LLNP0CV_1_5,CN0VI730LLNP0CV,MULTICOLOR,39,100,In Stock,2025-01-18T15:01:38.410Z
CN0VI730LLNP0CV_1_6,CN0VI730LLNP0CV,MULTICOLOR,40,100,In Stock,2025-01-18T15:01:38.410Z
CN0VI730LLNP0CV_1_7,CN0VI730LLNP0CV,MULTICOLOR,41,100,In Stock,2025-01-18T15:01:38.410Z
EN1VI733TRGYGRU_1_1,EN1VI733TRGYGRU,BEIGE,35,100,In Stock,2025-01-18T15:01:38.410Z
EN1VI733TRGYGRU_1_2,EN1VI733TRGYGRU,BEIGE,36,100,In Stock,2025-01-18T15:01:38.410Z
EN1VI733TRGYGRU_1_3,EN1VI733TRGYGRU,BEIGE,37,100,In Stock,2025-01-18T15:01:38.410Z
EN1VI733TRGYGRU_1_4,EN1VI733TRGYGRU,BEIGE,38,100,In Stock,2025-01-18T15:01:38.410Z
EN1VI733TRGYGRU_1_5,EN1VI733TRGYGRU,BEIGE,39,100,In Stock,2025-01-18T15:01:38.410Z
EN1VI733TRGYGRU_1_6,EN1VI733TRGYGRU,BEIGE,40,100,In Stock,2025-01-18T15:01:38.410Z
EN1VI733TRGYGRU_1_7,EN1VI733TRGYGRU,BEIGE,41,100,In Stock,2025-01-18T15:01:38.410Z
EN1UH078LVHSEAW_1_1,EN1UH078LVHSEAW,BLACK,36,100,In Stock,2025-01-18T15:01:38.410Z
EN1UH078LVHSEAW_1_2,EN1UH078LVHSEAW,BLACK,37,100,In Stock,2025-01-18T15:01:38.410Z
EN1UH078LVHSEAW_1_3,EN1UH078LVHSEAW,BLACK,38,100,In Stock,2025-01-18T15:01:38.410Z
EN1UH078LVHSEAW_1_4,EN1UH078LVHSEAW,BLACK,39,100,In Stock,2025-01-18T15:01:38.410Z
EN1UH078LVHSEAW_1_5,EN1UH078LVHSEAW,BLACK,40,100,In Stock,2025-01-18T15:01:38.410Z
EN1UH078LVHSEAW_1_6,EN1UH078LVHSEAW,BLACK,41,100,In Stock,2025-01-18T15:01:38.410Z
EN1TE108LTBC0PA_1_1,EN1TE108LTBC0PA,BLACK,36,100,In Stock,2025-01-18T15:01:38.410Z
EN1TE108LTBC0PA_1_2,EN1TE108LTBC0PA,BLACK,37,100,In Stock,2025-01-18T15:01:38.410Z
EN1TE108LTBC0PA_1_3,EN1TE108LTBC0PA,BLACK,38,100,In Stock,2025-01-18T15:01:38.410Z
EN1TE108LTBC0PA_1_4,EN1TE108LTBC0PA,BLACK,39,100,In Stock,2025-01-18T15:01:38.410Z
EN1TE108LTBC0PA_1_5,EN1TE108LTBC0PA,BLACK,40,100,In Stock,2025-01-18T15:01:38.410Z
EN1TE108LTBC0PA_1_6,EN1TE108LTBC0PA,BLACK,41,100,In Stock,2025-01-18T15:01:38.410Z
EN1UG866TJMAGFE_1_1,EN1UG866TJMAGFE,BLACK,35,100,In Stock,2025-01-18T15:01:38.410Z
EN1UG866TJMAGFE_1_2,EN1UG866TJMAGFE,BLACK,36,100,In Stock,2025-01-18T15:01:38.410Z
EN1UG866TJMAGFE_1_3,EN1UG866TJMAGFE,BLACK,37,100,In Stock,2025-01-18T15:01:38.410Z
EN1UG866TJMAGFE_1_4,EN1UG866TJMAGFE,BLACK,38,100,In Stock,2025-01-18T15:01:38.410Z
EN1UG866TJMAGFE_1_5,EN1UG866TJMAGFE,BLACK,39,100,In Stock,2025-01-18T15:01:38.410Z
EN1UG866TJMAGFE_1_6,EN1UG866TJMAGFE,BLACK,40,100,In Stock,2025-01-18T15:01:38.410Z
EN1UG866TJMAGFE_1_7,EN1UG866TJMAGFE,BLACK,41,100,In Stock,2025-01-18T15:01:38.410Z
EN1UG866TJMAGFE_1_8,EN1UG866TJMAGFE,BLACK,42,100,In Stock,2025-01-18T15:01:38.410Z
CBPS156156A_1_1,CBPS156156A,BLACK,UNI,100,In Stock,2025-01-18T15:01:38.410Z
EN1ON197LCLLGA_1_1,EN1ON197LCLLGA,WHITE,UNI,100,In Stock,2025-01-18T15:01:38.410Z
EN1WJ000LVTL0PA_1_1,EN1WJ000LVTL0PA,BLACK,65,100,In Stock,2025-01-18T15:01:38.411Z
EN1WJ000LVTL0PA_1_2,EN1WJ000LVTL0PA,BLACK,60,100,In Stock,2025-01-18T15:01:38.411Z
EN1WJ000LVTL0PA_1_3,EN1WJ000LVTL0PA,BLACK,75,100,In Stock,2025-01-18T15:01:38.411Z
EN1WJ000LVTL0PA_1_4,EN1WJ000LVTL0PA,BLACK,80,100,In Stock,2025-01-18T15:01:38.411Z
EN1WJ000LVTL0PA_1_5,EN1WJ000LVTL0PA,BLACK,85,100,In Stock,2025-01-18T15:01:38.411Z
EN1WJ000LVTL0PA_1_6,EN1WJ000LVTL0PA,BLACK,90,100,In Stock,2025-01-18T15:01:38.411Z
EN1WJ000LVTL0PA_1_7,EN1WJ000LVTL0PA,BLACK,95,100,In Stock,2025-01-18T15:01:38.411Z
EN1WJ000LVTL0PA_1_8,EN1WJ000LVTL0PA,BLACK,100,100,In Stock,2025-01-18T15:01:38.411Z
EN4XM426MBPTX99_1_1,EN4XM426MBPTX99,GOLD,UNI,100,In Stock,2025-01-18T15:01:38.411Z
EF1XF090SE90GAB_1_1,EF1XF090SE90GAB,WHITE,UNI,100,In Stock,2025-01-18T15:01:38.411Z
CF1XA070MB38GEM_1_1,CF1XA070MB38GEM,WHITE,UNI,100,In Stock,2025-01-18T15:01:38.411Z
CN1LN220LNQD0PA_1_1,CN1LN220LNQD0PA,BLACK,UNI,100,In Stock,2025-01-18T15:01:38.411Z
EH1AM055VB000FA_1_1,EH1AM055VB000FA,WHITE,44,100,In Stock,2025-01-18T15:01:38.411Z
EH1AM055VB000FA_1_2,EH1AM055VB000FA,WHITE,46,100,In Stock,2025-01-18T15:01:38.411Z
EH1AM055VB000FA_1_3,EH1AM055VB000FA,WHITE,48,100,In Stock,2025-01-18T15:01:38.411Z
EH1AM055VB000FA_1_4,EH1AM055VB000FA,WHITE,50,100,In Stock,2025-01-18T15:01:38.411Z
EH1AM055VB000FA_1_5,EH1AM055VB000FA,WHITE,52,100,In Stock,2025-01-18T15:01:38.411Z
EH1AM055VB000FA_1_6,EH1AM055VB000FA,WHITE,54,100,In Stock,2025-01-18T15:01:38.411Z
EH1AM055VB000FA_1_7,EH1AM055VB000FA,WHITE,56,100,In Stock,2025-01-18T15:01:38.411Z
EH1HS40521VGEAB_1_1,EH1HS40521VGEAB,BLACK,37,100,In Stock,2025-01-18T15:01:38.411Z
EH1HS40521VGEAB_1_2,EH1HS40521VGEAB,BLACK,38,100,In Stock,2025-01-18T15:01:38.411Z
EH1HS40521VGEAB_1_3,EH1HS40521VGEAB,BLACK,39,100,In Stock,2025-01-18T15:01:38.411Z
EH1HS40521VGEAB_1_4,EH1HS40521VGEAB,BLACK,40,100,In Stock,2025-01-18T15:01:38.411Z
EH1HS40521VGEAB_1_5,EH1HS40521VGEAB,BLACK,41,100,In Stock,2025-01-18T15:01:38.411Z
EH1HS40521VGEAB_1_6,EH1HS40521VGEAB,BLACK,42,100,In Stock,2025-01-18T15:01:38.411Z
EH1GC027BC920PA_1_1,EH1GC027BC920PA,BLACK,XS,100,In Stock,2025-01-18T15:01:38.411Z
EH1GC027BC920PA_1_2,EH1GC027BC920PA,BLACK,S,100,In Stock,2025-01-18T15:01:38.411Z
EH1GC027BC920PA_1_3,EH1GC027BC920PA,BLACK,M,100,In Stock,2025-01-18T15:01:38.411Z
EH1GC027BC920PA_1_4,EH1GC027BC920PA,BLACK,L,100,In Stock,2025-01-18T15:01:38.411Z
EH1GC027BC920PA_1_5,EH1GC027BC920PA,BLACK,XL,100,In Stock,2025-01-18T15:01:38.411Z
EH1GC027BC920PA_1_6,EH1GC027BC920PA,BLACK,2XL,100,In Stock,2025-01-18T15:01:38.411Z
EH1GC027BC920PA_1_7,EH1GC027BC920PA,BLACK,3XL,100,In Stock,2025-01-18T15:01:38.411Z
EH1EH175PC70GAB_1_1,EH1EH175PC70GAB,WHITE,XS,100,In Stock,2025-01-18T15:01:38.411Z
EH1EH175PC70GAB_1_2,EH1EH175PC70GAB,WHITE,S,100,In Stock,2025-01-18T15:01:38.411Z
EH1EH175PC70GAB_1_3,EH1EH175PC70GAB,WHITE,M,100,In Stock,2025-01-18T15:01:38.411Z
EH1EH175PC70GAB_1_4,EH1EH175PC70GAB,WHITE,L,100,In Stock,2025-01-18T15:01:38.411Z
EH1EH175PC70GAB_1_5,EH1EH175PC70GAB,WHITE,XL,100,In Stock,2025-01-18T15:01:38.411Z
EH1EH175PC70GAB_1_6,EH1EH175PC70GAB,WHITE,2XL,100,In Stock,2025-01-18T15:01:38.411Z
EH1EH175PC70GAB_1_7,EH1EH175PC70GAB,WHITE,3XL,100,In Stock,2025-01-18T15:01:38.411Z
EH1EG010BC90GFE_1_1,EH1EG010BC90GFE,BLACK,XS,100,In Stock,2025-01-18T15:01:38.411Z
EH1EG010BC90GFE_1_2,EH1EG010BC90GFE,BLACK,X,100,In Stock,2025-01-18T15:01:38.411Z
EH1EG010BC90GFE_1_3,EH1EG010BC90GFE,BLACK,M,100,In Stock,2025-01-18T15:01:38.411Z
EH1EG010BC90GFE_1_4,EH1EG010BC90GFE,BLACK,L,100,In Stock,2025-01-18T15:01:38.411Z
EH1EG010BC90GFE_1_5,EH1EG010BC90GFE,BLACK,XL,100,In Stock,2025-01-18T15:01:38.411Z
EH1EG010BC90GFE_1_6,EH1EG010BC90GFE,BLACK,2XL,100,In Stock,2025-01-18T15:01:38.411Z
EH1EG010BC90GFE_1_7,EH1EG010BC90GFE,BLACK,3XL,100,In Stock,2025-01-18T15:01:38.411Z
EH1JT240PC70EAW_1_1,EH1JT240PC70EAW,BLACK,XS,100,In Stock,2025-01-18T15:01:38.411Z
EH1JT240PC70EAW_1_2,EH1JT240PC70EAW,BLACK,S,100,In Stock,2025-01-18T15:01:38.411Z
EH1JT240PC70EAW_1_3,EH1JT240PC70EAW,BLACK,M,100,In Stock,2025-01-18T15:01:38.411Z
EH1JT240PC70EAW_1_4,EH1JT240PC70EAW,BLACK,L,100,In Stock,2025-01-18T15:01:38.411Z
EH1JT240PC70EAW_1_5,EH1JT240PC70EAW,BLACK,XL,100,In Stock,2025-01-18T15:01:38.411Z
EH1JT240PC70EAW_1_6,EH1JT240PC70EAW,BLACK,2XL,100,In Stock,2025-01-18T15:01:38.411Z
EH1JT240PC70EAW_1_7,EH1JT240PC70EAW,BLACK,3XL,100,In Stock,2025-01-18T15:01:38.411Z
EH1KD013KI04GAB_1_1,EH1KD013KI04GAB,WHITE,S,100,In Stock,2025-01-18T15:01:38.411Z
EH1KD013KI04GAB_1_2,EH1KD013KI04GAB,WHITE,M,100,In Stock,2025-01-18T15:01:38.411Z
EH1KD013KI04GAB_1_3,EH1KD013KI04GAB,WHITE,L,100,In Stock,2025-01-18T15:01:38.411Z
EH1KD013KI04GAB_1_4,EH1KD013KI04GAB,WHITE,XL,100,In Stock,2025-01-18T15:01:38.411Z
EH1KD013KI04GAB_1_5,EH1KD013KI04GAB,WHITE,2XL,100,In Stock,2025-01-18T15:01:38.411Z
EH1SE28509WCEHV_1_1,EH1SE28509WCEHV,BLACK,46,100,In Stock,2025-01-18T15:01:38.411Z
EH1SE28509WCEHV_1_2,EH1SE28509WCEHV,BLACK,48,100,In Stock,2025-01-18T15:01:38.411Z
EH1SE28509WCEHV_1_3,EH1SE28509WCEHV,BLACK,50,100,In Stock,2025-01-18T15:01:38.411Z
EH1SE28509WCEHV_1_4,EH1SE28509WCEHV,BLACK,52,100,In Stock,2025-01-18T15:01:38.411Z
EH1TF955VH56EAB_1_1,EH1TF955VH56EAB,BLACK,46,100,In Stock,2025-01-18T15:01:38.411Z
EH1TF955VH56EAB_1_2,EH1TF955VH56EAB,BLACK,48,100,In Stock,2025-01-18T15:01:38.411Z
EH1TF955VH56EAB_1_3,EH1TF955VH56EAB,BLACK,50,100,In Stock,2025-01-18T15:01:38.411Z
EH1TF955VH56EAB_1_4,EH1TF955VH56EAB,BLACK,52,100,In Stock,2025-01-18T15:01:38.411Z
EH1TF955VH56EAB_1_5,EH1TF955VH56EAB,BLACK,54,100,In Stock,2025-01-18T15:01:38.411Z
EH1PQ305WC090PA_1_1,EH1PQ305WC090PA,BLACK,44,100,In Stock,2025-01-18T15:01:38.411Z
EH1PQ305WC090PA_1_2,EH1PQ305WC090PA,BLACK,46,100,In Stock,2025-01-18T15:01:38.411Z
EH1PQ305WC090PA_1_3,EH1PQ305WC090PA,BLACK,48,100,In Stock,2025-01-18T15:01:38.411Z
EH1PQ305WC090PA_1_4,EH1PQ305WC090PA,BLACK,50,100,In Stock,2025-01-18T15:01:38.411Z
EH1PQ305WC090PA_1_5,EH1PQ305WC090PA,BLACK,52,100,In Stock,2025-01-18T15:01:38.411Z
EH1PQ305WC090PA_1_6,EH1PQ305WC090PA,BLACK,54,100,In Stock,2025-01-18T15:01:38.411Z
DH1PQ260VF43EAB_1_1,DH1PQ260VF43EAB,BLACK,44,100,In Stock,2025-01-18T15:01:38.411Z
DH1PQ260VF43EAB_1_2,DH1PQ260VF43EAB,BLACK,46,100,In Stock,2025-01-18T15:01:38.411Z
DH1PQ260VF43EAB_1_3,DH1PQ260VF43EAB,BLACK,48,100,In Stock,2025-01-18T15:01:38.411Z
DH1PQ260VF43EAB_1_4,DH1PQ260VF43EAB,BLACK,50,100,In Stock,2025-01-18T15:01:38.411Z
DH1PQ260VF43EAB_1_5,DH1PQ260VF43EAB,BLACK,52,100,In Stock,2025-01-18T15:01:38.411Z
DH1PQ260VF43EAB_1_6,DH1PQ260VF43EAB,BLACK,54,100,In Stock,2025-01-18T15:01:38.411Z
EH1SC285MG90ENA_1_1,EH1SC285MG90ENA,BLACK,46,100,In Stock,2025-01-18T15:01:38.411Z
EH1SC285MG90ENA_1_2,EH1SC285MG90ENA,BLACK,48,100,In Stock,2025-01-18T15:01:38.411Z
EH1SC285MG90ENA_1_3,EH1SC285MG90ENA,BLACK,50,100,In Stock,2025-01-18T15:01:38.411Z
EH1SC285MG90ENA_1_4,EH1SC285MG90ENA,BLACK,52,100,In Stock,2025-01-18T15:01:38.411Z
EH1SC285MG90ENA_1_5,EH1SC285MG90ENA,BLACK,54,100,In Stock,2025-01-18T15:01:38.411Z
DH0JS118BC81EAH_1_1,DH0JS118BC81EAH,BLACK,XS,100,In Stock,2025-01-18T15:01:38.411Z
DH0JS118BC81EAH_1_2,DH0JS118BC81EAH,BLACK,S,100,In Stock,2025-01-18T15:01:38.411Z
DH0JS118BC81EAH_1_3,DH0JS118BC81EAH,BLACK,M,100,In Stock,2025-01-18T15:01:38.411Z
DH0JS118BC81EAH_1_4,DH0JS118BC81EAH,BLACK,L,100,In Stock,2025-01-18T15:01:38.411Z
DH0JS118BC81EAH_1_5,DH0JS118BC81EAH,BLACK,XL,100,In Stock,2025-01-18T15:01:38.411Z
DH0JS118BC81EAH_1_6,DH0JS118BC81EAH,BLACK,2XL,100,In Stock,2025-01-18T15:01:38.411Z
DH0JS118BC81EAH_1_7,DH0JS118BC81EAH,BLACK,3XL,100,In Stock,2025-01-18T15:01:38.411Z
BWB641590012_1_1,BWB641590012,NAVY,X,100,In Stock,2025-01-18T15:01:38.411Z
BWB641590012_1_2,BWB641590012,NAVY,M,100,In Stock,2025-01-18T15:01:38.411Z
BWB641590012_1_3,BWB641590012,NAVY,L,100,In Stock,2025-01-18T15:01:38.411Z
BWB641590012_1_4,BWB641590012,NAVY,XL,100,In Stock,2025-01-18T15:01:38.411Z
BWB641590012_1_5,BWB641590012,NAVY,2XL,100,In Stock,2025-01-18T15:01:38.411Z
EM1VI362KRCTEAB_1_1,EM1VI362KRCTEAB,WHITE,39,100,In Stock,2025-01-18T15:01:38.411Z
EM1VI362KRCTEAB_1_2,EM1VI362KRCTEAB,WHITE,40,100,In Stock,2025-01-18T15:01:38.411Z
EM1VI362KRCTEAB_1_3,EM1VI362KRCTEAB,WHITE,41,100,In Stock,2025-01-18T15:01:38.411Z
EM1VI362KRCTEAB_1_4,EM1VI362KRCTEAB,WHITE,42,100,In Stock,2025-01-18T15:01:38.411Z
EM1VI362KRCTEAB_1_5,EM1VI362KRCTEAB,WHITE,43,100,In Stock,2025-01-18T15:01:38.411Z
EM1VI362KRCTEAB_1_6,EM1VI362KRCTEAB,WHITE,44,100,In Stock,2025-01-18T15:01:38.411Z
EM1VI362KRCTEAB_1_7,EM1VI362KRCTEAB,WHITE,45,100,In Stock,2025-01-18T15:01:38.411Z
EM1VI362KRCTEAB_1_8,EM1VI362KRCTEAB,WHITE,46,100,In Stock,2025-01-18T15:01:38.411Z
EM1VI362KRCTEAB_1_9,EM1VI362KRCTEAB,WHITE,47,100,In Stock,2025-01-18T15:01:38.411Z
DM1VI288LTSGEAB_1_1,DM1VI288LTSGEAB,WHITE,39,100,In Stock,2025-01-18T15:01:38.411Z
DM1VI288LTSGEAB_1_2,DM1VI288LTSGEAB,WHITE,40,100,In Stock,2025-01-18T15:01:38.411Z
DM1VI288LTSGEAB_1_3,DM1VI288LTSGEAB,WHITE,41,100,In Stock,2025-01-18T15:01:38.411Z
DM1VI288LTSGEAB_1_4,DM1VI288LTSGEAB,WHITE,42,100,In Stock,2025-01-18T15:01:38.411Z
DM1VI288LTSGEAB_1_5,DM1VI288LTSGEAB,WHITE,43,100,In Stock,2025-01-18T15:01:38.411Z
DM1VI288LTSGEAB_1_6,DM1VI288LTSGEAB,WHITE,44,100,In Stock,2025-01-18T15:01:38.411Z
DM1VI288LTSGEAB_1_7,DM1VI288LTSGEAB,WHITE,45,100,In Stock,2025-01-18T15:01:38.411Z
DM1VI288LTSGEAB_1_8,DM1VI288LTSGEAB,WHITE,46,100,In Stock,2025-01-18T15:01:38.411Z
DM1VI288LTSGEAB_1_9,DM1VI288LTSGEAB,WHITE,47,100,In Stock,2025-01-18T15:01:38.411Z
DM1VI350TNVFEFF_1_1,DM1VI350TNVFEFF,BLACK,42,100,In Stock,2025-01-18T15:01:38.411Z
DM1VI350TNVFEFF_1_2,DM1VI350TNVFEFF,BLACK,43,100,In Stock,2025-01-18T15:01:38.411Z
DM1VI350TNVFEFF_1_3,DM1VI350TNVFEFF,BLACK,44,100,In Stock,2025-01-18T15:01:38.411Z
DM1VI350TNVFEFF_1_4,DM1VI350TNVFEFF,BLACK,45,100,In Stock,2025-01-18T15:01:38.411Z
DM1VI355LNVYEFF_1_1,DM1VI355LNVYEFF,BLACK,39,100,In Stock,2025-01-18T15:01:38.411Z
DM1VI355LNVYEFF_1_2,DM1VI355LNVYEFF,BLACK,40,100,In Stock,2025-01-18T15:01:38.411Z
DM1VI355LNVYEFF_1_3,DM1VI355LNVYEFF,BLACK,41,100,In Stock,2025-01-18T15:01:38.411Z
DM1VI355LNVYEFF_1_4,DM1VI355LNVYEFF,BLACK,42,100,In Stock,2025-01-18T15:01:38.411Z
DM1VI355LNVYEFF_1_5,DM1VI355LNVYEFF,BLACK,43,100,In Stock,2025-01-18T15:01:38.411Z
DM1VI355LNVYEFF_1_6,DM1VI355LNVYEFF,BLACK,44,100,In Stock,2025-01-18T15:01:38.411Z
DM1VI355LNVYEFF_1_7,DM1VI355LNVYEFF,BLACK,45,100,In Stock,2025-01-18T15:01:38.411Z
DM1VI355LNVYEFF_1_8,DM1VI355LNVYEFF,BLACK,46,100,In Stock,2025-01-18T15:01:38.411Z
DM1VI355LNVYEFF_1_9,DM1VI355LNVYEFF,BLACK,47,100,In Stock,2025-01-18T15:01:38.411Z
EM1VI357TMGOYAD_1_1,EM1VI357TMGOYAD,WHITE,39,100,In Stock,2025-01-18T15:01:38.411Z
EM1VI357TMGOYAD_1_2,EM1VI357TMGOYAD,WHITE,40,100,In Stock,2025-01-18T15:01:38.411Z
EM1VI357TMGOYAD_1_3,EM1VI357TMGOYAD,WHITE,41,100,In Stock,2025-01-18T15:01:38.411Z
EM1VI357TMGOYAD_1_4,EM1VI357TMGOYAD,WHITE,42,100,In Stock,2025-01-18T15:01:38.411Z
EM1VI357TMGOYAD_1_5,EM1VI357TMGOYAD,WHITE,43,100,In Stock,2025-01-18T15:01:38.411Z
EM1VI357TMGOYAD_1_6,EM1VI357TMGOYAD,WHITE,44,100,In Stock,2025-01-18T15:01:38.411Z
EM1VI357TMGOYAD_1_7,EM1VI357TMGOYAD,WHITE,45,100,In Stock,2025-01-18T15:01:38.411Z
EM1VI357TMGOYAD_1_8,EM1VI357TMGOYAD,WHITE,46,100,In Stock,2025-01-18T15:01:38.411Z
EM1VI357TMGOYAD_1_9,EM1VI357TMGOYAD,WHITE,47,100,In Stock,2025-01-18T15:01:38.411Z
DM0TE346LPAT0PA_1_1,DM0TE346LPAT0PA,BLACK,43,100,In Stock,2025-01-18T15:01:38.411Z
DM0TE346LPAT0PA_1_2,DM0TE346LPAT0PA,BLACK,44,100,In Stock,2025-01-18T15:01:38.411Z
DM0TE346LPAT0PA_1_3,DM0TE346LPAT0PA,BLACK,45,100,In Stock,2025-01-18T15:01:38.411Z
BM1UO330LIRS0PA_1_1,BM1UO330LIRS0PA,BLACK,40,100,In Stock,2025-01-18T15:01:38.411Z
BM1UO330LIRS0PA_1_2,BM1UO330LIRS0PA,BLACK,41,100,In Stock,2025-01-18T15:01:38.411Z
BM1UO330LIRS0PA_1_3,BM1UO330LIRS0PA,BLACK,42,100,In Stock,2025-01-18T15:01:38.411Z
BM1UO330LIRS0PA_1_4,BM1UO330LIRS0PA,BLACK,43,100,In Stock,2025-01-18T15:01:38.411Z
BM1UO330LIRS0PA_1_5,BM1UO330LIRS0PA,BLACK,44,100,In Stock,2025-01-18T15:01:38.411Z
BM1UO330LIRS0PA_1_6,BM1UO330LIRS0PA,BLACK,45,100,In Stock,2025-01-18T15:01:38.411Z
BM1UO330LIRS0PA_1_7,BM1UO330LIRS0PA,BLACK,46,100,In Stock,2025-01-18T15:01:38.411Z
CM1UG320TJMAGFE_1_1,CM1UG320TJMAGFE,BLACK,40,100,In Stock,2025-01-18T15:01:38.411Z
CM1UG320TJMAGFE_1_2,CM1UG320TJMAGFE,BLACK,41,100,In Stock,2025-01-18T15:01:38.411Z
CM1UG320TJMAGFE_1_3,CM1UG320TJMAGFE,BLACK,42,100,In Stock,2025-01-18T15:01:38.411Z
CM1UG320TJMAGFE_1_4,CM1UG320TJMAGFE,BLACK,43,100,In Stock,2025-01-18T15:01:38.411Z
CM1UG320TJMAGFE_1_5,CM1UG320TJMAGFE,BLACK,44,100,In Stock,2025-01-18T15:01:38.411Z
CM1UG320TJMAGFE_1_6,CM1UG320TJMAGFE,BLACK,45,100,In Stock,2025-01-18T15:01:38.411Z
EM1FF239TNDTEAF_1_1,EM1FF239TNDTEAF,BLACK,UNI,100,In Stock,2025-01-18T15:01:38.411Z
CM1SH055TGBO0PA_1_1,CM1SH055TGBO0PA,BLACK,UNI,100,In Stock,2025-01-18T15:01:38.411Z
DBPS164164C_1_1,DBPS164164C,BROWN,UNI,100,In Stock,2025-01-18T15:01:38.411Z
DBPS164164C_2_1,DBPS164164C,MULTICOLOR,UNI,100,In Stock,2025-01-18T15:01:38.411Z
DBPS164164C_3_1,DBPS164164C,BLACK,UNI,100,In Stock,2025-01-18T15:01:38.411Z
DBPS164164B_1_1,DBPS164164B,BROWN,UNI,100,In Stock,2025-01-18T15:01:38.411Z
DBPS164164B_2_1,DBPS164164B,MULTICOLOR,UNI,100,In Stock,2025-01-18T15:01:38.411Z
DBPS164164B_3_1,DBPS164164B,BLACK,UNI,100,In Stock,2025-01-18T15:01:38.411Z
DBPS164164A_1_1,DBPS164164A,BROWN,UNI,100,In Stock,2025-01-18T15:01:38.411Z
DBPS164164A_2_1,DBPS164164A,MULTICOLOR,UNI,100,In Stock,2025-01-18T15:01:38.411Z
DBPS164164A_3_1,DBPS164164A,BLACK,UNI,100,In Stock,2025-01-18T15:01:38.411Z
EN1MA195LCLLGAB_1_1,EN1MA195LCLLGAB,WHITE,UNI,100,In Stock,2025-01-18T15:01:38.411Z
BM0WJ016TMCKWFP_1_1,BM0WJ016TMCKWFP,BROWN,90,100,In Stock,2025-01-18T15:01:38.411Z
BM0WJ016TMCKWFP_1_2,BM0WJ016TMCKWFP,BROWN,95,100,In Stock,2025-01-18T15:01:38.411Z
BM0WJ016TMCKWFP_1_3,BM0WJ016TMCKWFP,BROWN,100,100,In Stock,2025-01-18T15:01:38.411Z
BM0WJ016TMCKWFP_1_4,BM0WJ016TMCKWFP,BROWN,105,100,In Stock,2025-01-18T15:01:38.411Z
DN1XH358MLTOIAB_1_1,DN1XH358MLTOIAB,GOLD,S,100,In Stock,2025-01-18T15:01:38.411Z
DN1XH358MLTOIAB_1_2,DN1XH358MLTOIAB,GOLD,M,100,In Stock,2025-01-18T15:01:38.411Z
DN1XH358MLTOIAB_1_3,DN1XH358MLTOIAB,GOLD,L,100,In Stock,2025-01-18T15:01:38.411Z
CN4DB530TCDY_1_1,CN4DB530TCDY,PINK,UNI,100,In Stock,2025-01-18T15:01:38.411Z
DN1ON225LGSR8AG_1_1,DN1ON225LGSR8AG,BROWN,UNI,100,In Stock,2025-01-18T15:01:38.411Z
EN1DB960TDTW6FF_1_1,EN1DB960TDTW6FF,BLUE,UNI,100,In Stock,2025-01-18T15:01:38.411Z
CN1FF869TMBJWEZ_1_1,CN1FF869TMBJWEZ,BROWN,UNI,100,In Stock,2025-01-18T15:01:38.411Z
DN1FE818TJDCGFE_1_1,DN1FE818TJDCGFE,BLACK,UNI,100,In Stock,2025-01-18T15:01:38.411Z
EF1KA120KH91GAU_1_1,EF1KA120KH91GAU,BEIGE,34,100,In Stock,2025-01-18T15:01:38.411Z
EF1KA120KH91GAU_1_2,EF1KA120KH91GAU,BEIGE,36,100,In Stock,2025-01-18T15:01:38.411Z
EF1KA120KH91GAU_1_3,EF1KA120KH91GAU,BEIGE,38,100,In Stock,2025-01-18T15:01:38.411Z
EF1KA120KH91GAU_1_4,EF1KA120KH91GAU,BEIGE,40,100,In Stock,2025-01-18T15:01:38.411Z
EF1KA120KH91GAU_1_5,EF1KA120KH91GAU,BEIGE,42,100,In Stock,2025-01-18T15:01:38.411Z
EN1DB953AHXSEAW_1_1,EN1DB953AHXSEAW,SILVER,UNI,100,In Stock,2025-01-18T15:01:38.411Z
CN1EG879TMBJEEO_1_1,CN1EG879TMBJEEO,BROWN,UNI,100,In Stock,2025-01-18T15:01:38.411Z
EF1R5086KH88GAU_1_1,EF1R5086KH88GAU,BEIGE,34,100,In Stock,2025-01-18T15:01:38.411Z
EF1R5086KH88GAU_1_2,EF1R5086KH88GAU,BEIGE,36,100,In Stock,2025-01-18T15:01:38.411Z
EF1R5086KH88GAU_1_3,EF1R5086KH88GAU,BEIGE,38,100,In Stock,2025-01-18T15:01:38.411Z
EF1R5086KH88GAU_1_4,EF1R5086KH88GAU,BEIGE,40,100,In Stock,2025-01-18T15:01:38.411Z
EF1R5086KH88GAU_1_5,EF1R5086KH88GAU,BEIGE,42,100,In Stock,2025-01-18T15:01:38.411Z
DM1GE150TJMYGFE_1_1,DM1GE150TJMYGFE,BLACK,UNI,100,In Stock,2025-01-18T15:01:38.411Z
