option_id,product_id,color,size
EF1R8018KI13SOL-1,EF1R8018KI13SOL,BLUE,34
EF1R8018KI13SOL-2,EF1R8018KI13SOL,BLUE,36
EF1R8018KI13SOL-3,EF1R8018KI13SOL,BLUE,38
EF1R8018KI13SOL-4,EF1R8018KI13SOL,BLUE,40
EF1R8018KI13SOL-5,EF1R8018KI13SOL,BLUE,42
EF1SK716XC670FA-1,EF1SK716XC670FA,WHITE,34
EF1SK716XC670FA-2,EF1SK716XC670FA,WHITE,36
EF1SK716XC670FA-3,EF1SK716XC670FA,WHITE,38
EF1SK716XC670FA-4,EF1SK716XC670FA,WHITE,40
EF1SK716XC670FA-5,EF1SK716XC670FA,WHITE,42
EF1UE100VH64EAB-1,EF1UE100VH64EAB,WHITE,34
EF1UE100VH64EAB-2,EF1UE100VH64EAB,WHITE,36
EF1UE100VH64EAB-3,EF1UE100VH64EAB,WHITE,38
EF1UE100VH64EAB-4,EF1UE100VH64EAB,WHITE,40
BF1EF005BB02OLA-1,BF1EF005BB02OLA,MULTICOLOR,XS
BF1EF005BB02OLA-2,BF1EF005BB02OLA,MULTICOLOR,S
BF1EF005BB02OLA-3,BF1EF005BB02OLA,MULTICOLOR,M
BF1EF005BB02OLA-4,BF1EF005BB02OLA,MULTICOLOR,L
BF1EF005BB02OLA-5,BF1EF005BB02OLA,MULTICOLOR,XL
BF1EF005BB02OLA-6,BF1EF005BB02OLA,MULTICOLOR,2XL
BF1EF005BB02GAB-1,BF1EF005BB02GAB,WHITE,XS
BF1EF005BB02GAB-2,BF1EF005BB02GAB,WHITE,S
BF1EF005BB02GAB-3,BF1EF005BB02GAB,WHITE,M
BF1EF005BB02GAB-4,BF1EF005BB02GAB,WHITE,L
BF1EF005BB02GAB-5,BF1EF005BB02GAB,WHITE,XL
BF1EF005BB02GAB-6,BF1EF005BB02GAB,WHITE,2XL
BF1EF005BB02EAB-1,BF1EF005BB02EAB,BLACK,XS
BF1EF005BB02EAB-2,BF1EF005BB02EAB,BLACK,S
BF1EF005BB02EAB-3,BF1EF005BB02EAB,BLACK,M
BF1EF005BB02EAB-4,BF1EF005BB02EAB,BLACK,L
BF1EF005BB02EAB-5,BF1EF005BB02EAB,BLACK,XL
BF1EF005BB02EAB-6,BF1EF005BB02EAB,BLACK,2XL
BF1EF005BB02OIR-1,BF1EF005BB02OIR,PINK,XS
BF1EF005BB02OIR-2,BF1EF005BB02OIR,PINK,S
BF1EF005BB02OIR-3,BF1EF005BB02OIR,PINK,M
BF1EF005BB02OIR-4,BF1EF005BB02OIR,PINK,L
BF1EF005BB02OIR-5,BF1EF005BB02OIR,PINK,XL
BF1EF005BB02OIR-6,BF1EF005BB02OIR,PINK,2XL
BF1EF005BB02MCZ-1,BF1EF005BB02MCZ,RED,XS
BF1EF005BB02MCZ-2,BF1EF005BB02MCZ,RED,S
BF1EF005BB02MCZ-3,BF1EF005BB02MCZ,RED,M
BF1EF005BB02MCZ-4,BF1EF005BB02MCZ,RED,L
BF1EF005BB02MCZ-5,BF1EF005BB02MCZ,RED,XL
BF1EF005BB02MCZ-6,BF1EF005BB02MCZ,RED,2XL
EF1KA115KH87EAB-1,EF1KA115KH87EAB,BLACK,34
EF1KA115KH87EAB-2,EF1KA115KH87EAB,BLACK,36
EF1KA115KH87EAB-3,EF1KA115KH87EAB,BLACK,38
EF1KA115KH87EAB-4,EF1KA115KH87EAB,BLACK,40
EF1KA115KH87EAB-5,EF1KA115KH87EAB,BLACK,42
EF1KA115KH87MIG-1,EF1KA115KH87MIG,RED,34
EF1KA115KH87MIG-2,EF1KA115KH87MIG,RED,36
EF1KA115KH87MIG-3,EF1KA115KH87MIG,RED,38
EF1KA115KH87MIG-4,EF1KA115KH87MIG,RED,40
EF1KA115KH87MIG-5,EF1KA115KH87MIG,RED,42
EF1HT020VH61GAB-1,EF1HT020VH61GAB,WHITE,34
EF1HT020VH61GAB-2,EF1HT020VH61GAB,WHITE,36
EF1HT020VH61GAB-3,EF1HT020VH61GAB,WHITE,38
EF1HT020VH61GAB-4,EF1HT020VH61GAB,WHITE,40
EF1HT020VH61GAB-5,EF1HT020VH61GAB,WHITE,42
EF1JQ002BB02SOY-1,EF1JQ002BB02SOY,BLUE,XS
EF1JQ002BB02SOY-2,EF1JQ002BB02SOY,BLUE,S
EF1JQ002BB02SOY-3,EF1JQ002BB02SOY,BLUE,M
EF1JQ002BB02SOY-4,EF1JQ002BB02SOY,BLUE,L
EF1JQ002BB02SOY-5,EF1JQ002BB02SOY,BLUE,XL
EF1JQ002BB02SOY-6,EF1JQ002BB02SOY,BLUE,2XL
EF1KL133KH93IAC-1,EF1KL133KH93IAC,BLACK,34
EF1KL133KH93IAC-2,EF1KL133KH93IAC,BLACK,36
EF1KL133KH93IAC-3,EF1KL133KH93IAC,BLACK,38
EF1KL133KH93IAC-4,EF1KL133KH93IAC,BLACK,40
EF1KL133KH93IAC-5,EF1KL133KH93IAC,BLACK,42
EF1LC245JJ95EDY-1,EF1LC245JJ95EDY,BLACK,34
EF1LC245JJ95EDY-2,EF1LC245JJ95EDY,BLACK,36
EF1LC245JJ95EDY-3,EF1LC245JJ95EDY,BLACK,38
EF1LC245JJ95EDY-4,EF1LC245JJ95EDY,BLACK,40
EF1PO160WC090PA-1,EF1PO160WC090PA,BLACK,34
EF1PO160WC090PA-2,EF1PO160WC090PA,BLACK,36
EF1PO160WC090PA-3,EF1PO160WC090PA,BLACK,38
EF1PO160WC090PA-4,EF1PO160WC090PA,BLACK,40
CF1MA012DB690FA-1,CF1MA012DB690FA,WHITE,34
CF1MA012DB690FA-2,CF1MA012DB690FA,WHITE,36
CF1MA012DB690FA-3,CF1MA012DB690FA,WHITE,38
CF1MA012DB690FA-4,CF1MA012DB690FA,WHITE,40
EF1KL220KH806FF-1,EF1KL220KH806FF,BLUE,34
EF1KL220KH806FF-2,EF1KL220KH806FF,BLUE,36
EF1KL220KH806FF-3,EF1KL220KH806FF,BLUE,38
EF1KL220KH806FF-4,EF1KL220KH806FF,BLUE,40
EF1KL220KH806FF-5,EF1KL220KH806FF,BLUE,42
BKB852200104-1,BKB852200104,BLACK,34
BKB852200104-2,BKB852200104,BLACK,36
BKB852200104-3,BKB852200104,BLACK,38
BKB852200104-4,BKB852200104,BLACK,40
BKB852200104-5,BKB852200104,BLACK,42
EN1DB943LHLB0PA-1,EN1DB943LHLB0PA,BLACK,UNI
EN1DB530LHLB0PA-1,EN1DB530LHLB0PA,UNI,UNI
EN1BQ954LETF0PA-1,EN1BQ954LETF0PA,BLACK,UNI
EN1BQ954TTSD6FF-1,EN1BQ954TTSD6FF,BLUE,UNI
DN0FD871LETF0DA-1,DN0FD871LETF0DA,WHITE,UNI
EN1DA961TECSGAU-1,EN1DA961TECSGAU,WHITE,UNI
EN1LN245LVGU0PA-1,EN1LN245LVGU0PA,BLACK,UNI
DN1FM872TCFEGEM-1,DN1FM872TCFEGEM,BEIGE,UNI
EN1VI736KRCTEAB-1,EN1VI736KRCTEAB,WHITE,35
EN1VI736KRCTEAB-2,EN1VI736KRCTEAB,WHITE,36
EN1VI736KRCTEAB-3,EN1VI736KRCTEAB,WHITE,37
EN1VI736KRCTEAB-4,EN1VI736KRCTEAB,WHITE,38
EN1VI736KRCTEAB-5,EN1VI736KRCTEAB,WHITE,39
EN1VI736KRCTEAB-6,EN1VI736KRCTEAB,WHITE,40
EN1VI736KRCTEAB-7,EN1VI736KRCTEAB,WHITE,41
EM1VI360TRIDSEE-1,EM1VI360TRIDSEE,BLUE,39
EM1VI360TRIDSEE-2,EM1VI360TRIDSEE,BLUE,40
EM1VI360TRIDSEE-3,EM1VI360TRIDSEE,BLUE,41
EM1VI360TRIDSEE-4,EM1VI360TRIDSEE,BLUE,42
EM1VI360TRIDSEE-5,EM1VI360TRIDSEE,BLUE,43
EM1VI360TRIDSEE-6,EM1VI360TRIDSEE,BLUE,44
EM1VI360TRIDSEE-7,EM1VI360TRIDSEE,BLUE,45
EM1VI360TRIDSEE-8,EM1VI360TRIDSEE,BLUE,46
EM1VI360TRIDSEE-9,EM1VI360TRIDSEE,BLUE,47
EN1VI735TRIDSEE-1,EN1VI735TRIDSEE,BLUE,35
EN1VI735TRIDSEE-2,EN1VI735TRIDSEE,BLUE,36
EN1VI735TRIDSEE-3,EN1VI735TRIDSEE,BLUE,37
EN1VI735TRIDSEE-4,EN1VI735TRIDSEE,BLUE,38
EN1VI735TRIDSEE-5,EN1VI735TRIDSEE,BLUE,39
EN1VI735TRIDSEE-6,EN1VI735TRIDSEE,BLUE,40
EN1VI735TRIDSEE-7,EN1VI735TRIDSEE,BLUE,41
CN0VI727TDNM6KF-1,CN0VI727TDNM6KF,NAVY,35
CN0VI727TDNM6KF-2,CN0VI727TDNM6KF,NAVY,36
CN0VI727TDNM6KF-3,CN0VI727TDNM6KF,NAVY,37
CN0VI727TDNM6KF-4,CN0VI727TDNM6KF,NAVY,38
CN0VI727TDNM6KF-5,CN0VI727TDNM6KF,NAVY,39
CN0VI727TDNM6KF-6,CN0VI727TDNM6KF,NAVY,40
CN0VI727TDNM6KF-7,CN0VI727TDNM6KF,NAVY,41
DN1VI714TRCMEAB-1,DN1VI714TRCMEAB,BLACK,35
DN1VI714TRCMEAB-2,DN1VI714TRCMEAB,BLACK,36
DN1VI714TRCMEAB-3,DN1VI714TRCMEAB,BLACK,37
DN1VI714TRCMEAB-4,DN1VI714TRCMEAB,BLACK,38
DN1VI714TRCMEAB-5,DN1VI714TRCMEAB,BLACK,39
DN1VI714TRCMEAB-6,DN1VI714TRCMEAB,BLACK,40
DN1VI714TRCMEAB-7,DN1VI714TRCMEAB,BLACK,41
CN0VI730LLNP0CV-1,CN0VI730LLNP0CV,MULTICOLOR,35
CN0VI730LLNP0CV-2,CN0VI730LLNP0CV,MULTICOLOR,36
CN0VI730LLNP0CV-3,CN0VI730LLNP0CV,MULTICOLOR,37
CN0VI730LLNP0CV-4,CN0VI730LLNP0CV,MULTICOLOR,38
CN0VI730LLNP0CV-5,CN0VI730LLNP0CV,MULTICOLOR,39
CN0VI730LLNP0CV-6,CN0VI730LLNP0CV,MULTICOLOR,40
CN0VI730LLNP0CV-7,CN0VI730LLNP0CV,MULTICOLOR,41
EN1VI733TRGYGRU-1,EN1VI733TRGYGRU,BEIGE,35
EN1VI733TRGYGRU-2,EN1VI733TRGYGRU,BEIGE,36
EN1VI733TRGYGRU-3,EN1VI733TRGYGRU,BEIGE,37
EN1VI733TRGYGRU-4,EN1VI733TRGYGRU,BEIGE,38
EN1VI733TRGYGRU-5,EN1VI733TRGYGRU,BEIGE,39
EN1VI733TRGYGRU-6,EN1VI733TRGYGRU,BEIGE,40
EN1VI733TRGYGRU-7,EN1VI733TRGYGRU,BEIGE,41
EN1UH078LVHSEAW-1,EN1UH078LVHSEAW,BLACK,36
EN1UH078LVHSEAW-2,EN1UH078LVHSEAW,BLACK,37
EN1UH078LVHSEAW-3,EN1UH078LVHSEAW,BLACK,38
EN1UH078LVHSEAW-4,EN1UH078LVHSEAW,BLACK,39
EN1UH078LVHSEAW-5,EN1UH078LVHSEAW,BLACK,40
EN1UH078LVHSEAW-6,EN1UH078LVHSEAW,BLACK,41
EN1TE108LTBC0PA-1,EN1TE108LTBC0PA,BLACK,36
EN1TE108LTBC0PA-2,EN1TE108LTBC0PA,BLACK,37
EN1TE108LTBC0PA-3,EN1TE108LTBC0PA,BLACK,38
EN1TE108LTBC0PA-4,EN1TE108LTBC0PA,BLACK,39
EN1TE108LTBC0PA-5,EN1TE108LTBC0PA,BLACK,40
EN1TE108LTBC0PA-6,EN1TE108LTBC0PA,BLACK,41
EN1UG866TJMAGFE-1,EN1UG866TJMAGFE,BLACK,35
EN1UG866TJMAGFE-2,EN1UG866TJMAGFE,BLACK,36
EN1UG866TJMAGFE-3,EN1UG866TJMAGFE,BLACK,37
EN1UG866TJMAGFE-4,EN1UG866TJMAGFE,BLACK,38
EN1UG866TJMAGFE-5,EN1UG866TJMAGFE,BLACK,39
EN1UG866TJMAGFE-6,EN1UG866TJMAGFE,BLACK,40
EN1UG866TJMAGFE-7,EN1UG866TJMAGFE,BLACK,41
EN1UG866TJMAGFE-8,EN1UG866TJMAGFE,BLACK,42
CBPS156156A-1,CBPS156156A,BLACK,UNI
EN1ON197LCLLGA-1,EN1ON197LCLLGA,WHITE,UNI
EN1WJ000LVTL0PA-1,EN1WJ000LVTL0PA,BLACK,65
EN1WJ000LVTL0PA-2,EN1WJ000LVTL0PA,BLACK,60
EN1WJ000LVTL0PA-3,EN1WJ000LVTL0PA,BLACK,75
EN1WJ000LVTL0PA-4,EN1WJ000LVTL0PA,BLACK,80
EN1WJ000LVTL0PA-5,EN1WJ000LVTL0PA,BLACK,85
EN1WJ000LVTL0PA-6,EN1WJ000LVTL0PA,BLACK,90
EN1WJ000LVTL0PA-7,EN1WJ000LVTL0PA,BLACK,95
EN1WJ000LVTL0PA-8,EN1WJ000LVTL0PA,BLACK,100
EN4XM426MBPTX99-1,EN4XM426MBPTX99,GOLD,UNI
EF1XF090SE90GAB-1,EF1XF090SE90GAB,WHITE,UNI
CF1XA070MB38GEM-1,CF1XA070MB38GEM,WHITE,UNI
CN1LN220LNQD0PA-1,CN1LN220LNQD0PA,BLACK,UNI
EH1AM055VB000FA-1,EH1AM055VB000FA,WHITE,44
EH1AM055VB000FA-2,EH1AM055VB000FA,WHITE,46
EH1AM055VB000FA-3,EH1AM055VB000FA,WHITE,48
EH1AM055VB000FA-4,EH1AM055VB000FA,WHITE,50
EH1AM055VB000FA-5,EH1AM055VB000FA,WHITE,52
EH1AM055VB000FA-6,EH1AM055VB000FA,WHITE,54
EH1AM055VB000FA-7,EH1AM055VB000FA,WHITE,56
EH1HS40521VGEAB-1,EH1HS40521VGEAB,BLACK,37
EH1HS40521VGEAB-2,EH1HS40521VGEAB,BLACK,38
EH1HS40521VGEAB-3,EH1HS40521VGEAB,BLACK,39
EH1HS40521VGEAB-4,EH1HS40521VGEAB,BLACK,40
EH1HS40521VGEAB-5,EH1HS40521VGEAB,BLACK,41
EH1HS40521VGEAB-6,EH1HS40521VGEAB,BLACK,42
EH1GC027BC920PA-1,EH1GC027BC920PA,BALCK,XS
EH1GC027BC920PA-2,EH1GC027BC920PA,BALCK,S
EH1GC027BC920PA-3,EH1GC027BC920PA,BALCK,M
EH1GC027BC920PA-4,EH1GC027BC920PA,BALCK,L
EH1GC027BC920PA-5,EH1GC027BC920PA,BALCK,XL
EH1GC027BC920PA-6,EH1GC027BC920PA,BALCK,2XL
EH1GC027BC920PA-7,EH1GC027BC920PA,BALCK,3XL
EH1EH175PC70GAB-1,EH1EH175PC70GAB,WHITE,XS
EH1EH175PC70GAB-2,EH1EH175PC70GAB,WHITE,S
EH1EH175PC70GAB-3,EH1EH175PC70GAB,WHITE,M
EH1EH175PC70GAB-4,EH1EH175PC70GAB,WHITE,L
EH1EH175PC70GAB-5,EH1EH175PC70GAB,WHITE,XL
EH1EH175PC70GAB-6,EH1EH175PC70GAB,WHITE,2XL
EH1EH175PC70GAB-7,EH1EH175PC70GAB,WHITE,3XL
EH1EG010BC90GFE-1,EH1EG010BC90GFE,BLACK,XS
EH1EG010BC90GFE-2,EH1EG010BC90GFE,BLACK,X
EH1EG010BC90GFE-3,EH1EG010BC90GFE,BLACK,M
EH1EG010BC90GFE-4,EH1EG010BC90GFE,BLACK,L
EH1EG010BC90GFE-5,EH1EG010BC90GFE,BLACK,XL
EH1EG010BC90GFE-6,EH1EG010BC90GFE,BLACK,2XL
EH1EG010BC90GFE-7,EH1EG010BC90GFE,BLACK,3XL
EH1JT240PC70EAW-1,EH1JT240PC70EAW,BLACK,XS
EH1JT240PC70EAW-2,EH1JT240PC70EAW,BLACK,S
EH1JT240PC70EAW-3,EH1JT240PC70EAW,BLACK,M
EH1JT240PC70EAW-4,EH1JT240PC70EAW,BLACK,L
EH1JT240PC70EAW-5,EH1JT240PC70EAW,BLACK,XL
EH1JT240PC70EAW-6,EH1JT240PC70EAW,BLACK,2XL
EH1JT240PC70EAW-7,EH1JT240PC70EAW,BLACK,3XL
EH1KD013KI04GAB-1,EH1KD013KI04GAB,WHITE,S
EH1KD013KI04GAB-2,EH1KD013KI04GAB,WHITE,M
EH1KD013KI04GAB-3,EH1KD013KI04GAB,WHITE,L
EH1KD013KI04GAB-4,EH1KD013KI04GAB,WHITE,XL
EH1KD013KI04GAB-5,EH1KD013KI04GAB,WHITE,2XL
EH1SE28509WCEHV-1,EH1SE28509WCEHV,BLACK,46
EH1SE28509WCEHV-2,EH1SE28509WCEHV,BLACK,48
EH1SE28509WCEHV-3,EH1SE28509WCEHV,BLACK,50
EH1SE28509WCEHV-4,EH1SE28509WCEHV,BLACK,52
EH1TF955VH56EAB-1,EH1TF955VH56EAB,BLACK,46
EH1TF955VH56EAB-2,EH1TF955VH56EAB,BLACK,48
EH1TF955VH56EAB-3,EH1TF955VH56EAB,BLACK,50
EH1TF955VH56EAB-4,EH1TF955VH56EAB,BLACK,52
EH1TF955VH56EAB-5,EH1TF955VH56EAB,BLACK,54
EH1PQ305WC090PA-1,EH1PQ305WC090PA,BLACK,44
EH1PQ305WC090PA-2,EH1PQ305WC090PA,BLACK,46
EH1PQ305WC090PA-3,EH1PQ305WC090PA,BLACK,48
EH1PQ305WC090PA-4,EH1PQ305WC090PA,BLACK,50
EH1PQ305WC090PA-5,EH1PQ305WC090PA,BLACK,52
EH1PQ305WC090PA-6,EH1PQ305WC090PA,BLACK,54
DH1PQ260VF43EAB-1,DH1PQ260VF43EAB,BLACK,44
DH1PQ260VF43EAB-2,DH1PQ260VF43EAB,BLACK,46
DH1PQ260VF43EAB-3,DH1PQ260VF43EAB,BLACK,48
DH1PQ260VF43EAB-4,DH1PQ260VF43EAB,BLACK,50
DH1PQ260VF43EAB-5,DH1PQ260VF43EAB,BLACK,52
DH1PQ260VF43EAB-6,DH1PQ260VF43EAB,BLACK,54
EH1SC285MG90ENA-1,EH1SC285MG90ENA,BLACK,46
EH1SC285MG90ENA-2,EH1SC285MG90ENA,BLACK,48
EH1SC285MG90ENA-3,EH1SC285MG90ENA,BLACK,50
EH1SC285MG90ENA-4,EH1SC285MG90ENA,BLACK,52
EH1SC285MG90ENA-5,EH1SC285MG90ENA,BLACK,54
DH0JS118BC81EAH-1,DH0JS118BC81EAH,BLACK,XS
DH0JS118BC81EAH-2,DH0JS118BC81EAH,BLACK,S
DH0JS118BC81EAH-3,DH0JS118BC81EAH,BLACK,M
DH0JS118BC81EAH-4,DH0JS118BC81EAH,BLACK,L
DH0JS118BC81EAH-5,DH0JS118BC81EAH,BLACK,XL
DH0JS118BC81EAH-6,DH0JS118BC81EAH,BLACK,2XL
DH0JS118BC81EAH-7,DH0JS118BC81EAH,BLACK,3XL
BWB641590012-1,BWB641590012,NAVY,X
BWB641590012-2,BWB641590012,NAVY,M
BWB641590012-3,BWB641590012,NAVY,L
BWB641590012-4,BWB641590012,NAVY,XL
BWB641590012-5,BWB641590012,NAVY,2XL
EM1VI362KRCTEAB-1,EM1VI362KRCTEAB,WHITE,39
EM1VI362KRCTEAB-2,EM1VI362KRCTEAB,WHITE,40
EM1VI362KRCTEAB-3,EM1VI362KRCTEAB,WHITE,41
EM1VI362KRCTEAB-4,EM1VI362KRCTEAB,WHITE,42
EM1VI362KRCTEAB-5,EM1VI362KRCTEAB,WHITE,43
EM1VI362KRCTEAB-6,EM1VI362KRCTEAB,WHITE,44
EM1VI362KRCTEAB-7,EM1VI362KRCTEAB,WHITE,45
EM1VI362KRCTEAB-8,EM1VI362KRCTEAB,WHITE,46
EM1VI362KRCTEAB-9,EM1VI362KRCTEAB,WHITE,47
DM1VI288LTSGEAB-1,DM1VI288LTSGEAB,WHITE,39
DM1VI288LTSGEAB-2,DM1VI288LTSGEAB,WHITE,40
DM1VI288LTSGEAB-3,DM1VI288LTSGEAB,WHITE,41
DM1VI288LTSGEAB-4,DM1VI288LTSGEAB,WHITE,42
DM1VI288LTSGEAB-5,DM1VI288LTSGEAB,WHITE,43
DM1VI288LTSGEAB-6,DM1VI288LTSGEAB,WHITE,44
DM1VI288LTSGEAB-7,DM1VI288LTSGEAB,WHITE,45
DM1VI288LTSGEAB-8,DM1VI288LTSGEAB,WHITE,46
DM1VI288LTSGEAB-9,DM1VI288LTSGEAB,WHITE,47
DM1VI350TNVFEFF-1,DM1VI350TNVFEFF,BLACK,42
DM1VI350TNVFEFF-2,DM1VI350TNVFEFF,BLACK,43
DM1VI350TNVFEFF-3,DM1VI350TNVFEFF,BLACK,44
DM1VI350TNVFEFF-4,DM1VI350TNVFEFF,BLACK,45
DM1VI355LNVYEFF-1,DM1VI355LNVYEFF,BALCK,39
DM1VI355LNVYEFF-2,DM1VI355LNVYEFF,BALCK,40
DM1VI355LNVYEFF-3,DM1VI355LNVYEFF,BALCK,41
DM1VI355LNVYEFF-4,DM1VI355LNVYEFF,BALCK,42
DM1VI355LNVYEFF-5,DM1VI355LNVYEFF,BALCK,43
DM1VI355LNVYEFF-6,DM1VI355LNVYEFF,BALCK,44
DM1VI355LNVYEFF-7,DM1VI355LNVYEFF,BALCK,45
DM1VI355LNVYEFF-8,DM1VI355LNVYEFF,BALCK,46
DM1VI355LNVYEFF-9,DM1VI355LNVYEFF,BALCK,47
EM1VI357TMGOYAD-1,EM1VI357TMGOYAD,WHITE,39
EM1VI357TMGOYAD-2,EM1VI357TMGOYAD,WHITE,40
EM1VI357TMGOYAD-3,EM1VI357TMGOYAD,WHITE,41
EM1VI357TMGOYAD-4,EM1VI357TMGOYAD,WHITE,42
EM1VI357TMGOYAD-5,EM1VI357TMGOYAD,WHITE,43
EM1VI357TMGOYAD-6,EM1VI357TMGOYAD,WHITE,44
EM1VI357TMGOYAD-7,EM1VI357TMGOYAD,WHITE,45
EM1VI357TMGOYAD-8,EM1VI357TMGOYAD,WHITE,46
EM1VI357TMGOYAD-9,EM1VI357TMGOYAD,WHITE,47
DM0TE346LPAT0PA-1,DM0TE346LPAT0PA,BLACK,43
DM0TE346LPAT0PA-2,DM0TE346LPAT0PA,BLACK,44
DM0TE346LPAT0PA-3,DM0TE346LPAT0PA,BLACK,45
BM1UO330LIRS0PA-1,BM1UO330LIRS0PA,BLACK,40
BM1UO330LIRS0PA-2,BM1UO330LIRS0PA,BLACK,41
BM1UO330LIRS0PA-3,BM1UO330LIRS0PA,BLACK,42
BM1UO330LIRS0PA-4,BM1UO330LIRS0PA,BLACK,43
BM1UO330LIRS0PA-5,BM1UO330LIRS0PA,BLACK,44
BM1UO330LIRS0PA-6,BM1UO330LIRS0PA,BLACK,45
BM1UO330LIRS0PA-7,BM1UO330LIRS0PA,BLACK,46
CM1UG320TJMAGFE-1,CM1UG320TJMAGFE,BLACK,40
CM1UG320TJMAGFE-2,CM1UG320TJMAGFE,BLACK,41
CM1UG320TJMAGFE-3,CM1UG320TJMAGFE,BLACK,42
CM1UG320TJMAGFE-4,CM1UG320TJMAGFE,BLACK,43
CM1UG320TJMAGFE-5,CM1UG320TJMAGFE,BLACK,44
CM1UG320TJMAGFE-6,CM1UG320TJMAGFE,BLACK,45
EM1FF239TNDTEAF-1,EM1FF239TNDTEAF,BLACK,UNI
CM1SH055TGBO0PA-1,CM1SH055TGBO0PA,BLACK,UNI
DBPS164164C-1,DBPS164164C,BROWN,UNI
DBPS164164B-1,DBPS164164B,MULTICOLOR,UNI
DBPS164164A-1,DBPS164164A,BLACK,UNI
EN1MA195LCLLGAB-1,EN1MA195LCLLGAB,WHITE,UNI
BM0WJ016TMCKWFP-1,BM0WJ016TMCKWFP,BROWN,90
BM0WJ016TMCKWFP-2,BM0WJ016TMCKWFP,BROWN,95
BM0WJ016TMCKWFP-3,BM0WJ016TMCKWFP,BROWN,100
BM0WJ016TMCKWFP-4,BM0WJ016TMCKWFP,BROWN,105
DN1XH358MLTOIAB-1,DN1XH358MLTOIAB,GOLD,S
DN1XH358MLTOIAB-2,DN1XH358MLTOIAB,GOLD,M
DN1XH358MLTOIAB-3,DN1XH358MLTOIAB,GOLD,L
undefined-1,,PINK,UNI
DN1ON225LGSR8AG-1,DN1ON225LGSR8AG,BROWN,UNI
EN1DB960TDTW6FF-1,EN1DB960TDTW6FF,BLUE,UNI
CN1FF869TMBJWEZ-1,CN1FF869TMBJWEZ,BROWN,UNI
DN1FE818TJDCGFE-1,DN1FE818TJDCGFE,BLACK,UNI
EF1KA120KH91GAU-1,EF1KA120KH91GAU,BEIGE,34
EF1KA120KH91GAU-2,EF1KA120KH91GAU,BEIGE,36
EF1KA120KH91GAU-3,EF1KA120KH91GAU,BEIGE,38
EF1KA120KH91GAU-4,EF1KA120KH91GAU,BEIGE,40
EF1KA120KH91GAU-5,EF1KA120KH91GAU,BEIGE,42
EN1DB953AHXSEAW-1,EN1DB953AHXSEAW,SILVER,UNI
CN1EG879TMBJEEO-1,CN1EG879TMBJEEO,BROWN,UNI
EF1R5086KH88GAU-1,EF1R5086KH88GAU,BEIGE,34
EF1R5086KH88GAU-2,EF1R5086KH88GAU,BEIGE,36
EF1R5086KH88GAU-3,EF1R5086KH88GAU,BEIGE,38
EF1R5086KH88GAU-4,EF1R5086KH88GAU,BEIGE,40
EF1R5086KH88GAU-5,EF1R5086KH88GAU,BEIGE,42
DM1GE150TJMYGFE-1,DM1GE150TJMYGFE,BLACK,UNI
